web-scraper-order,web-scraper-start-url,total_ads,ad_id,date,ad_status,ad_count,ad_text,ad_cta_text,ad_video,url,ad_brandname,ad_cta_domain,ad_cta_title,ad_cta_subtitle
1692267351-950,https://www.facebook.com/ads/library/?active_status=all&ad_type=all&country=US&q=%22wanderingbearcoffee.com%22&sort_data[direction]=desc&sort_data[mode]=relevancy_monthly_grouped&search_type=keyword_exact_phrase&media_type=all,~110 results,2.87E+14,15-Aug-23,Active,2,"CANCEL your old boring coffee routine & try our 3-for-1 Cold Brew Variety Pack!  Three tasty flavors at the price of one larger box, delivered right to you. Enjoy the fresh smell and fresher taste of our cold brew in ready to drink 32 oz cartons, perfect for at home or on the go. 

Try today and add some excitement back into your morning routine.

Wanderingbearcoffee.com ---> 
💯 Satisfaction guaranteed or your money back - We’re a small team that stands behind our product.
🚫 No more coffee stomach aches - no added sugar or dairy
⚡️🏃🏻💨 Each glass = 2 espresso shots. Zoom zoom!
😋 We have all your favorite flavors
♵ Recyclable & 🌱Organic
⭐9500+ 5-Star Reviews
🧊 Stays Fresh",Shop Now,,https://scontent.fblr2-1.fna.fbcdn.net/v/t39.35426-6/367474120_127599557082623_1490760795199705977_n.jpg?stp=dst-jpg_s600x600&_nc_cat=106&ccb=1-7&_nc_sid=cf96c8&_nc_ohc=q0EY2dlACw8AX-iJFWf&_nc_ht=scontent.fblr2-1.fna&oh=00_AfBCfc8Mb8vguoL898pdVjEtQMM4f90ItLjPVoLuQY4IoA&oe=64E396AE,Wandering Bear Coffee,WANDERINGBEARCOFFEE.COM,🚨COFFEE ALERT🚨 32oz Variety Packs now available,"Organic, extra strong cold brew."
1692267351-951,https://www.facebook.com/ads/library/?active_status=all&ad_type=all&country=US&q=%22wanderingbearcoffee.com%22&sort_data[direction]=desc&sort_data[mode]=relevancy_monthly_grouped&search_type=keyword_exact_phrase&media_type=all,~110 results,1.99E+14,15-Aug-23,Active,2,"CANCEL your old boring coffee routine & try our 3-for-1 Cold Brew Variety Pack!  Three tasty flavors at the price of one larger box, delivered right to you. Enjoy the fresh smell and fresher taste of our cold brew in ready to drink 32 oz cartons, perfect for at home or on the go. 

Try today and add some excitement back into your morning routine.

Wanderingbearcoffee.com ---> 
💯 Satisfaction guaranteed or your money back - We’re a small team that stands behind our product.
🚫 No more coffee stomach aches - no added sugar or dairy
⚡️🏃🏻💨 Each glass = 2 espresso shots. Zoom zoom!
😋 We have all your favorite flavors
♵ Recyclable & 🌱Organic
⭐10,000+ 5-Star Reviews
🧊 Stays Fresh",Learn More,,https://scontent.fblr2-2.fna.fbcdn.net/v/t39.35426-6/368015109_1307794109835299_7588532838926345541_n.jpg?stp=dst-jpg_s600x600&_nc_cat=111&ccb=1-7&_nc_sid=cf96c8&_nc_ohc=mjkHcVoFfNsAX8q18Zn&_nc_ht=scontent.fblr2-2.fna&oh=00_AfCNKWDQcicBCoZxk_iHp_Bvl7NWuNYM-ycdoT1WyJdPmA&oe=64E272AB,Wandering Bear Coffee,WANDERINGBEARCOFFEE.COM,🚨COFFEE ALERT🚨 32oz Variety Packs now available,"Organic, extra strong cold brew."
1692267351-952,https://www.facebook.com/ads/library/?active_status=all&ad_type=all&country=US&q=%22wanderingbearcoffee.com%22&sort_data[direction]=desc&sort_data[mode]=relevancy_monthly_grouped&search_type=keyword_exact_phrase&media_type=all,~110 results,2.13E+14,15-Aug-23,Active,,"CANCEL your old boring coffee routine & try our 3-for-1 Cold Brew Variety Pack!  Three tasty flavors at the price of one larger box, delivered right to you. Enjoy the fresh smell and fresher taste of our cold brew in ready to drink 32 oz cartons, perfect for at home or on the go. 

Try today and add some excitement back into your morning routine.

Wanderingbearcoffee.com ---> 
💯 Satisfaction guaranteed or your money back - We’re a small team that stands behind our product.
🚫 No more coffee stomach aches - no added sugar or dairy
⚡️🏃🏻💨 Each glass = 2 espresso shots. Zoom zoom!
😋 We have all your favorite flavors
♵ Recyclable & 🌱Organic
⭐10,000+ 5-Star Reviews
🧊 Stays Fresh",Learn More,,https://scontent.fblr2-1.fna.fbcdn.net/v/t39.35426-6/366699318_3430512447208546_596009786349689963_n.jpg?stp=dst-jpg_s600x600&_nc_cat=104&ccb=1-7&_nc_sid=cf96c8&_nc_ohc=92fuVdRcqREAX95hVEM&_nc_ht=scontent.fblr2-1.fna&oh=00_AfAM4zEzmbVVm4pdwtL4Y0z4L62jpmWaeBqg0H-Hdqt-6A&oe=64E2F493,Wandering Bear Coffee,WANDERINGBEARCOFFEE.COM,🚨COFFEE ALERT🚨 32oz Variety Packs now available,"Organic, extra strong cold brew."
1692267351-953,https://www.facebook.com/ads/library/?active_status=all&ad_type=all&country=US&q=%22wanderingbearcoffee.com%22&sort_data[direction]=desc&sort_data[mode]=relevancy_monthly_grouped&search_type=keyword_exact_phrase&media_type=all,~110 results,2.54E+14,15-Aug-23,Active,2,"CANCEL your old boring coffee routine & try our 3-for-1 Cold Brew Variety Pack!  Three tasty flavors at the price of one larger box, delivered right to you. Enjoy the fresh smell and fresher taste of our cold brew in ready to drink 32 oz cartons, perfect for at home or on the go. 

Try today and add some excitement back into your morning routine.

Wanderingbearcoffee.com ---> 
💯 Satisfaction guaranteed or your money back - We’re a small team that stands behind our product.
🚫 No more coffee stomach aches - no added sugar or dairy
⚡️🏃🏻💨 Each glass = 2 espresso shots. Zoom zoom!
😋 We have all your favorite flavors
♵ Recyclable & 🌱Organic
⭐10,000+ 5-Star Reviews
🧊 Stays Fresh",Learn More,,https://scontent.fblr2-2.fna.fbcdn.net/v/t39.35426-6/368000592_3382238488696130_2662109238630254075_n.jpg?stp=dst-jpg_s600x600&_nc_cat=111&ccb=1-7&_nc_sid=cf96c8&_nc_ohc=qgYnrvl2yGIAX_ZIksQ&_nc_ht=scontent.fblr2-2.fna&oh=00_AfCGC7dPeoem9NT1z4CKpDSgRb-7F5kALflONKXuiVvmKg&oe=64E24028,Wandering Bear Coffee,WANDERINGBEARCOFFEE.COM,🚨COFFEE ALERT🚨 32oz Variety Packs now available,"Organic, extra strong cold brew."
1692267351-954,https://www.facebook.com/ads/library/?active_status=all&ad_type=all&country=US&q=%22wanderingbearcoffee.com%22&sort_data[direction]=desc&sort_data[mode]=relevancy_monthly_grouped&search_type=keyword_exact_phrase&media_type=all,~110 results,2.85E+14,15-Aug-23,Active,2,"CANCEL your old boring coffee routine & try our 3-for-1 Cold Brew Variety Pack!  Three tasty flavors at the price of one larger box, delivered right to you. Enjoy the fresh smell and fresher taste of our cold brew in ready to drink 32 oz cartons, perfect for at home or on the go. 

Try today and add some excitement back into your morning routine.

Wanderingbearcoffee.com ---> 
💯 Satisfaction guaranteed or your money back - We’re a small team that stands behind our product.
🚫 No more coffee stomach aches - no added sugar or dairy
⚡️🏃🏻💨 Each glass = 2 espresso shots. Zoom zoom!
😋 We have all your favorite flavors
♵ Recyclable & 🌱Organic
⭐10,000+ 5-Star Reviews
🧊 Stays Fresh",Learn More,,https://scontent.fblr2-2.fna.fbcdn.net/v/t39.35426-6/366611841_662049192259859_3503715260800894797_n.jpg?stp=dst-jpg_s600x600&_nc_cat=108&ccb=1-7&_nc_sid=cf96c8&_nc_ohc=avqJeyb6E9sAX_qkfpj&_nc_ht=scontent.fblr2-2.fna&oh=00_AfBzWRniVGb_GuC0YUtfix2BoqrmZ3pws3SO-ZPP4EsJpQ&oe=64E24277,Wandering Bear Coffee,WANDERINGBEARCOFFEE.COM,🚨COFFEE ALERT🚨 32oz Variety Packs now available,"Organic, extra strong cold brew."
1692267351-955,https://www.facebook.com/ads/library/?active_status=all&ad_type=all&country=US&q=%22wanderingbearcoffee.com%22&sort_data[direction]=desc&sort_data[mode]=relevancy_monthly_grouped&search_type=keyword_exact_phrase&media_type=all,~110 results,8.45E+14,15-Aug-23,Active,,"CANCEL your old boring coffee routine & try our 3-for-1 Cold Brew Variety Pack!  Three tasty flavors at the price of one larger box, delivered right to you. Enjoy the fresh smell and fresher taste of our cold brew in ready to drink 32 oz cartons, perfect for at home or on the go. 

Try today and add some excitement back into your morning routine.

Wanderingbearcoffee.com ---> 
💯 Satisfaction guaranteed or your money back - We’re a small team that stands behind our product.
🚫 No more coffee stomach aches - no added sugar or dairy
⚡️🏃🏻💨 Each glass = 2 espresso shots. Zoom zoom!
😋 We have all your favorite flavors
♵ Recyclable & 🌱Organic
⭐10,000+ 5-Star Reviews
🧊 Stays Fresh",Learn More,,https://scontent.fblr2-2.fna.fbcdn.net/v/t39.35426-6/367993722_611016264451283_7240831749543662193_n.jpg?stp=dst-jpg_s600x600&_nc_cat=111&ccb=1-7&_nc_sid=cf96c8&_nc_ohc=gH5aizmIHswAX-fvTxP&_nc_ht=scontent.fblr2-2.fna&oh=00_AfC-NHAMjm5-sL1LGfWzKkNoDAXe09bgrI1QQ-NoTx2OfQ&oe=64E220B5,Wandering Bear Coffee,WANDERINGBEARCOFFEE.COM,🚨COFFEE ALERT🚨 32oz Variety Packs now available,"Organic, extra strong cold brew."
1692267351-956,https://www.facebook.com/ads/library/?active_status=all&ad_type=all&country=US&q=%22wanderingbearcoffee.com%22&sort_data[direction]=desc&sort_data[mode]=relevancy_monthly_grouped&search_type=keyword_exact_phrase&media_type=all,~110 results,3.20E+15,15-Aug-23,Active,2,"CANCEL your old boring coffee routine & try our 3-for-1 Cold Brew Variety Pack!  Three tasty flavors at the price of one larger box, delivered right to you. Enjoy the fresh smell and fresher taste of our cold brew in ready to drink 32 oz cartons, perfect for at home or on the go. 

Try today and add some excitement back into your morning routine.

Wanderingbearcoffee.com ---> 
💯 Satisfaction guaranteed or your money back - We’re a small team that stands behind our product.
🚫 No more coffee stomach aches - no added sugar or dairy
⚡️🏃🏻💨 Each glass = 2 espresso shots. Zoom zoom!
😋 We have all your favorite flavors
♵ Recyclable & 🌱Organic
⭐10,000+ 5-Star Reviews
🧊 Stays Fresh",Learn More,,https://scontent.fblr2-1.fna.fbcdn.net/v/t39.35426-6/367966349_312967664481407_7007763427306500297_n.jpg?stp=dst-jpg_s600x600&_nc_cat=101&ccb=1-7&_nc_sid=cf96c8&_nc_ohc=zR--Yc5JeiQAX_kgwNm&_nc_ht=scontent.fblr2-1.fna&oh=00_AfAj5aR4nlV406DiOi3movJeindhuHZAl_TvP9tvhAUC3A&oe=64E28086,Wandering Bear Coffee,WANDERINGBEARCOFFEE.COM,🚨COFFEE ALERT🚨 32oz Variety Packs now available,"Organic, extra strong cold brew."
1692267351-957,https://www.facebook.com/ads/library/?active_status=all&ad_type=all&country=US&q=%22wanderingbearcoffee.com%22&sort_data[direction]=desc&sort_data[mode]=relevancy_monthly_grouped&search_type=keyword_exact_phrase&media_type=all,~110 results,1.21E+14,15-Aug-23,Active,2,"CANCEL your old boring coffee routine & try our 3-for-1 Cold Brew Variety Pack!  Three tasty flavors at the price of one larger box, delivered right to you. Enjoy the fresh smell and fresher taste of our cold brew in ready to drink 32 oz cartons, perfect for at home or on the go. 

Try today and add some excitement back into your morning routine.

Wanderingbearcoffee.com ---> 
💯 Satisfaction guaranteed or your money back - We’re a small team that stands behind our product.
🚫 No more coffee stomach aches - no added sugar or dairy
⚡️🏃🏻💨 Each glass = 2 espresso shots. Zoom zoom!
😋 We have all your favorite flavors
♵ Recyclable & 🌱Organic
⭐10,000+ 5-Star Reviews
🧊 Stays Fresh",Learn More,,https://scontent.fblr2-1.fna.fbcdn.net/v/t39.35426-6/366973269_228376886410831_8475611523950502080_n.jpg?stp=dst-jpg_s600x600&_nc_cat=104&ccb=1-7&_nc_sid=cf96c8&_nc_ohc=HTL_KreVCRoAX8fnGyV&_nc_ht=scontent.fblr2-1.fna&oh=00_AfD530q-Xm3yR28fa1DjBhGtJ8Gor4nh9gVbS-rLO3o4nA&oe=64E2EBA3,Wandering Bear Coffee,WANDERINGBEARCOFFEE.COM,🚨COFFEE ALERT🚨 32oz Variety Packs now available,"Organic, extra strong cold brew."
1692267351-958,https://www.facebook.com/ads/library/?active_status=all&ad_type=all&country=US&q=%22wanderingbearcoffee.com%22&sort_data[direction]=desc&sort_data[mode]=relevancy_monthly_grouped&search_type=keyword_exact_phrase&media_type=all,~110 results,3.18E+14,15-Aug-23,Active,,"CANCEL your old boring coffee routine & try our 3-for-1 Cold Brew Variety Pack!  Three tasty flavors at the price of one larger box, delivered right to you. Enjoy the fresh smell and fresher taste of our cold brew in ready to drink 32 oz cartons, perfect for at home or on the go. 

Try today and add some excitement back into your morning routine.

Wanderingbearcoffee.com ---> 
💯 Satisfaction guaranteed or your money back - We’re a small team that stands behind our product.
🚫 No more coffee stomach aches - no added sugar or dairy
⚡️🏃🏻💨 Each glass = 2 espresso shots. Zoom zoom!
😋 We have all your favorite flavors
♵ Recyclable & 🌱Organic
⭐10,000+ 5-Star Reviews
🧊 Stays Fresh",Learn More,,https://scontent.fblr2-2.fna.fbcdn.net/v/t39.35426-6/367938562_1099533801072997_2874091341238255317_n.jpg?stp=dst-jpg_s600x600&_nc_cat=110&ccb=1-7&_nc_sid=cf96c8&_nc_ohc=lElBfvIpF58AX--04Kb&_nc_ht=scontent.fblr2-2.fna&oh=00_AfDS_K6rJJZrpJXUp3iKzogxdJH-tTNxxAR4tzebk-P15A&oe=64E2570C,Wandering Bear Coffee,WANDERINGBEARCOFFEE.COM,🚨COFFEE ALERT🚨 32oz Variety Packs now available,"Organic, extra strong cold brew."
1692267351-959,https://www.facebook.com/ads/library/?active_status=all&ad_type=all&country=US&q=%22wanderingbearcoffee.com%22&sort_data[direction]=desc&sort_data[mode]=relevancy_monthly_grouped&search_type=keyword_exact_phrase&media_type=all,~110 results,6.59E+14,15-Aug-23,Active,,"CANCEL your old boring coffee routine & try our 3-for-1 Cold Brew Variety Pack!  Three tasty flavors at the price of one larger box, delivered right to you. Enjoy the fresh smell and fresher taste of our cold brew in ready to drink 32 oz cartons, perfect for at home or on the go. 

Try today and add some excitement back into your morning routine.

Wanderingbearcoffee.com ---> 
💯 Satisfaction guaranteed or your money back - We’re a small team that stands behind our product.
🚫 No more coffee stomach aches - no added sugar or dairy
⚡️🏃🏻💨 Each glass = 2 espresso shots. Zoom zoom!
😋 We have all your favorite flavors
♵ Recyclable & 🌱Organic
⭐10,000+ 5-Star Reviews
🧊 Stays Fresh",Learn More,,https://scontent.fblr2-1.fna.fbcdn.net/v/t39.35426-6/367946807_979515016635692_3478731061610391987_n.jpg?stp=dst-jpg_s600x600&_nc_cat=103&ccb=1-7&_nc_sid=cf96c8&_nc_ohc=FdvkVPTr5KoAX-T--RR&_nc_ht=scontent.fblr2-1.fna&oh=00_AfCvYhw40Wcf9G1yM0AzAOBjbMcW2v95E-a2gIILkQ6ngw&oe=64E2E163,Wandering Bear Coffee,WANDERINGBEARCOFFEE.COM,🚨COFFEE ALERT🚨 32oz Variety Packs now available,"Organic, extra strong cold brew."
1692267351-960,https://www.facebook.com/ads/library/?active_status=all&ad_type=all&country=US&q=%22wanderingbearcoffee.com%22&sort_data[direction]=desc&sort_data[mode]=relevancy_monthly_grouped&search_type=keyword_exact_phrase&media_type=all,~110 results,8.30E+14,15-Aug-23,Active,,"CANCEL your old boring coffee routine & try our 3-for-1 Cold Brew Variety Pack!  Three tasty flavors at the price of one larger box, delivered right to you. Enjoy the fresh smell and fresher taste of our cold brew in ready to drink 32 oz cartons, perfect for at home or on the go. 

Try today and add some excitement back into your morning routine.

Wanderingbearcoffee.com ---> 
💯 Satisfaction guaranteed or your money back - We’re a small team that stands behind our product.
🚫 No more coffee stomach aches - no added sugar or dairy
⚡️🏃🏻💨 Each glass = 2 espresso shots. Zoom zoom!
😋 We have all your favorite flavors
♵ Recyclable & 🌱Organic
⭐10,000+ 5-Star Reviews
🧊 Stays Fresh",Learn More,,https://scontent.fblr2-1.fna.fbcdn.net/v/t39.35426-6/367712473_842137173712720_8532608890836341771_n.jpg?stp=dst-jpg_s600x600&_nc_cat=104&ccb=1-7&_nc_sid=cf96c8&_nc_ohc=NByzzrVLmzsAX-aDibk&_nc_ht=scontent.fblr2-1.fna&oh=00_AfDaNA2b61zc8XDcsTHJMs3GlU2vtnuBQ-Ha-zZXtoAY6A&oe=64E3A4AB,Wandering Bear Coffee,WANDERINGBEARCOFFEE.COM,🚨COFFEE ALERT🚨 32oz Variety Packs now available,"Organic, extra strong cold brew."
1692267351-961,https://www.facebook.com/ads/library/?active_status=all&ad_type=all&country=US&q=%22wanderingbearcoffee.com%22&sort_data[direction]=desc&sort_data[mode]=relevancy_monthly_grouped&search_type=keyword_exact_phrase&media_type=all,~110 results,1.02E+15,15-Aug-23,Active,,"CANCEL your old boring coffee routine & try our 3-for-1 Cold Brew Variety Pack!  Three tasty flavors at the price of one larger box, delivered right to you. Enjoy the fresh smell and fresher taste of our cold brew in ready to drink 32 oz cartons, perfect for at home or on the go. 

Try today and add some excitement back into your morning routine.

Wanderingbearcoffee.com ---> 
💯 Satisfaction guaranteed or your money back - We’re a small team that stands behind our product.
🚫 No more coffee stomach aches - no added sugar or dairy
⚡️🏃🏻💨 Each glass = 2 espresso shots. Zoom zoom!
😋 We have all your favorite flavors
♵ Recyclable & 🌱Organic
⭐10,000+ 5-Star Reviews
🧊 Stays Fresh",Learn More,,https://scontent.fblr2-1.fna.fbcdn.net/v/t39.35426-6/367440763_958823022538601_7066316640681356394_n.jpg?stp=dst-jpg_s600x600&_nc_cat=104&ccb=1-7&_nc_sid=cf96c8&_nc_ohc=r4kT1Uy29HUAX8UHDh7&_nc_ht=scontent.fblr2-1.fna&oh=00_AfCed3rf8_LgUTP43poaHlO5UWvpAqdqCEMJNjYp9S0ncw&oe=64E3896F,Wandering Bear Coffee,WANDERINGBEARCOFFEE.COM,🚨COFFEE ALERT🚨 32oz Variety Packs now available,"Organic, extra strong cold brew."
1692267351-962,https://www.facebook.com/ads/library/?active_status=all&ad_type=all&country=US&q=%22wanderingbearcoffee.com%22&sort_data[direction]=desc&sort_data[mode]=relevancy_monthly_grouped&search_type=keyword_exact_phrase&media_type=all,~110 results,2.36E+15,15-Aug-23,Active,,"Get the cold brew box that keeps selling out! wanderingbear.com 🐻 With 10,000 5-Star reviews, 6+ smooth, bold flavors, and no added junk, this is the  ultimate fuel for your summer vibez. 😎🌴 

💯Satisfaction guaranteed or your money back - We’re a small team that stands behind our product.
🚫No more coffee stomach aches - no added sugar or dairy
⚡️🏃🏻‍♂️💨Each glass = 2 espresso shots. Zoom zoom!
😋We have all your favorite flavors
 ♺Recyclable & 🌱Organic
⭐️10,000+ 5-Star Reviews
🧊 Stays Fresh for longer

#ColdBrew #SummerVibesOnly",Learn More,https://video.fblr2-2.fna.fbcdn.net/v/t42.1790-2/366764884_2356425054528590_9108384327722442054_n.?_nc_cat=111&ccb=1-7&_nc_sid=cf96c8&_nc_ohc=rgUQUw1JfdgAX8becoy&_nc_oc=AQk1-xZVkBGileupKlvZNe7elmDMzzXsRYkjUv5d675FpT5IsiVAwH1_iTKK4jTLcHc&_nc_ht=video.fblr2-2.fna&oh=00_AfC_KnYOSQBhNdRRtNcph5wLfEGqeq3OOE2mp-AgxvM9xw&oe=64E22EB2,,Wandering Bear Coffee,WANDERINGBEARCOFFEE.COM,Coffee Shop Quality Cold Brew on Tap,"10,000+ 5-Star Reviews"
1692267351-963,https://www.facebook.com/ads/library/?active_status=all&ad_type=all&country=US&q=%22wanderingbearcoffee.com%22&sort_data[direction]=desc&sort_data[mode]=relevancy_monthly_grouped&search_type=keyword_exact_phrase&media_type=all,~110 results,2.24E+14,15-Aug-23,Active,2,"Roll out of bed to delicious cold brew on tap in your fridge. wanderingbear.com 🐻 With 6+ smooth, bold flavors, no added junk, and 10,000+ 5-Star reviews, this is the  ultimate fuel for your summer vibez. 😎🌴 

💯Satisfaction guaranteed or your money back - We’re a small team that stands behind our product.
🚫No more coffee stomach aches - no added sugar or dairy
⚡️🏃🏻‍♂️💨Each glass = 2 espresso shots. Zoom zoom!
😋We have all your favorite flavors
 ♺Recyclable & 🌱Organic
⭐️10,000+ 5-Star Reviews
🧊 Stays Fresh for longer

#ColdBrew #SummerVibesOnly",Learn More,https://video.fblr2-2.fna.fbcdn.net/v/t42.1790-2/367409149_224115847291720_5168230423942938295_n.?_nc_cat=109&ccb=1-7&_nc_sid=cf96c8&_nc_ohc=YjBdCY0TqYUAX8U8UVI&_nc_ht=video.fblr2-2.fna&oh=00_AfCm8dbKLwdkeHo2AZXZ-K_dCcjQN8QtO7AC4c9wS0Vv1w&oe=64E2CAE1,,Wandering Bear Coffee,WANDERINGBEARCOFFEE.COM,Coffee Shop Quality Cold Brew on Tap,"10,000+ 5-Star Reviews"
1692267351-964,https://www.facebook.com/ads/library/?active_status=all&ad_type=all&country=US&q=%22wanderingbearcoffee.com%22&sort_data[direction]=desc&sort_data[mode]=relevancy_monthly_grouped&search_type=keyword_exact_phrase&media_type=all,~110 results,1.84E+14,15-Aug-23,Active,,"Get the cold brew box that keeps selling out! wanderingbear.com 🐻 With 10,000 5-Star reviews, 6+ smooth, bold flavors, and no added junk, this is the  ultimate fuel for your summer vibez. 😎🌴 

💯Satisfaction guaranteed or your money back - We’re a small team that stands behind our product.
🚫No more coffee stomach aches - no added sugar or dairy
⚡️🏃🏻‍♂️💨Each glass = 2 espresso shots. Zoom zoom!
😋We have all your favorite flavors
 ♺Recyclable & 🌱Organic
⭐️10,000+ 5-Star Reviews
🧊 Stays Fresh for longer

#ColdBrew #SummerVibesOnly",Learn More,https://video.fblr2-2.fna.fbcdn.net/v/t42.1790-2/366765861_184456311311502_3391899967743459456_n.?_nc_cat=111&ccb=1-7&_nc_sid=cf96c8&_nc_ohc=X0qejr1KlKUAX87RW-C&_nc_ht=video.fblr2-2.fna&oh=00_AfCN9P305cgdedkhddFkLWBG7f17RuhOWAlv3KzqN6YKyg&oe=64E3D23A,,Wandering Bear Coffee,WANDERINGBEARCOFFEE.COM,Coffee Shop Quality Cold Brew on Tap,"10,000+ 5-Star Reviews"
1692267351-965,https://www.facebook.com/ads/library/?active_status=all&ad_type=all&country=US&q=%22wanderingbearcoffee.com%22&sort_data[direction]=desc&sort_data[mode]=relevancy_monthly_grouped&search_type=keyword_exact_phrase&media_type=all,~110 results,1.50E+15,15-Aug-23,Active,,"Roll out of bed to delicious cold brew on tap in your fridge. wanderingbear.com 🐻 With 6+ smooth, bold flavors, no added junk, and 10,000+ 5-Star reviews, this is the  ultimate fuel for your summer vibez. 😎🌴 

💯Satisfaction guaranteed or your money back - We’re a small team that stands behind our product.
🚫No more coffee stomach aches - no added sugar or dairy
⚡️🏃🏻‍♂️💨Each glass = 2 espresso shots. Zoom zoom!
😋We have all your favorite flavors
 ♺Recyclable & 🌱Organic
⭐️10,000+ 5-Star Reviews
🧊 Stays Fresh for longer

#ColdBrew #SummerVibesOnly",Learn More,https://video.fblr2-2.fna.fbcdn.net/v/t42.1790-2/366765424_1496775387824780_1193541726702765942_n.?_nc_cat=111&ccb=1-7&_nc_sid=cf96c8&_nc_ohc=PMZS6VyDYYcAX_yVgbh&_nc_ht=video.fblr2-2.fna&oh=00_AfCndcTSyWkzhHk1ShOE_ffyLU89mbMMZZ5reEuwD3zsPA&oe=64E3D2C3,,Wandering Bear Coffee,WANDERINGBEARCOFFEE.COM,Coffee Shop Quality Cold Brew on Tap,"10,000+ 5-Star Reviews"
1692267351-966,https://www.facebook.com/ads/library/?active_status=all&ad_type=all&country=US&q=%22wanderingbearcoffee.com%22&sort_data[direction]=desc&sort_data[mode]=relevancy_monthly_grouped&search_type=keyword_exact_phrase&media_type=all,~110 results,3.03E+14,15-Aug-23,Active,,"Roll out of bed to delicious cold brew on tap in your fridge. wanderingbear.com 🐻 With 6+ smooth, bold flavors, no added junk, and 10,000+ 5-Star reviews, this is the  ultimate fuel for your summer vibez. 😎🌴 

💯Satisfaction guaranteed or your money back - We’re a small team that stands behind our product.
🚫No more coffee stomach aches - no added sugar or dairy
⚡️🏃🏻‍♂️💨Each glass = 2 espresso shots. Zoom zoom!
😋We have all your favorite flavors
 ♺Recyclable & 🌱Organic
⭐️10,000+ 5-Star Reviews
🧊 Stays Fresh for longer

#ColdBrew #SummerVibesOnly",Learn More,https://video.fblr2-2.fna.fbcdn.net/v/t42.1790-2/366763582_303366215519715_1733503491650217613_n.?_nc_cat=109&ccb=1-7&_nc_sid=cf96c8&_nc_ohc=Ik1xr6PdDqMAX_dPnm6&_nc_ht=video.fblr2-2.fna&oh=00_AfDhQOUmQlIqO5eCTO4bVneak2c5x-L4LPKnmkB9h_-WwA&oe=64E2310D,,Wandering Bear Coffee,WANDERINGBEARCOFFEE.COM,Coffee Shop Quality Cold Brew on Tap,"10,000+ 5-Star Reviews"
1692267351-967,https://www.facebook.com/ads/library/?active_status=all&ad_type=all&country=US&q=%22wanderingbearcoffee.com%22&sort_data[direction]=desc&sort_data[mode]=relevancy_monthly_grouped&search_type=keyword_exact_phrase&media_type=all,~110 results,1.23E+15,15-Aug-23,Active,2,"Get the cold brew box that keeps selling out! wanderingbear.com 🐻 With 10,000 5-Star reviews, 6+ smooth, bold flavors, and no added junk, this is the  ultimate fuel for your summer vibez. 😎🌴 

💯Satisfaction guaranteed or your money back - We’re a small team that stands behind our product.
🚫No more coffee stomach aches - no added sugar or dairy
⚡️🏃🏻‍♂️💨Each glass = 2 espresso shots. Zoom zoom!
😋We have all your favorite flavors
 ♺Recyclable & 🌱Organic
⭐️10,000+ 5-Star Reviews
🧊 Stays Fresh for longer

#ColdBrew #SummerVibesOnly",Learn More,https://video.fblr2-2.fna.fbcdn.net/v/t42.1790-2/366762630_1228799557809833_1021417538349321932_n.?_nc_cat=108&ccb=1-7&_nc_sid=cf96c8&_nc_ohc=_M1n9qZFHGsAX-x4718&_nc_ht=video.fblr2-2.fna&oh=00_AfDACaPOYHXjdeM4V28XrDOuGo-sSupcbzFmpoU-2xQC1w&oe=64E21297,,Wandering Bear Coffee,WANDERINGBEARCOFFEE.COM,Coffee Shop Quality Cold Brew on Tap,"10,000+ 5-Star Reviews"
1692267351-968,https://www.facebook.com/ads/library/?active_status=all&ad_type=all&country=US&q=%22wanderingbearcoffee.com%22&sort_data[direction]=desc&sort_data[mode]=relevancy_monthly_grouped&search_type=keyword_exact_phrase&media_type=all,~110 results,6.46E+15,15-Aug-23,Active,2,"Get the cold brew box that keeps selling out! wanderingbear.com 🐻 With 10,000 5-Star reviews, 6+ smooth, bold flavors, and no added junk, this is the  ultimate fuel for your summer vibez. 😎🌴 

💯Satisfaction guaranteed or your money back - We’re a small team that stands behind our product.
🚫No more coffee stomach aches - no added sugar or dairy
⚡️🏃🏻‍♂️💨Each glass = 2 espresso shots. Zoom zoom!
😋We have all your favorite flavors
 ♺Recyclable & 🌱Organic
⭐️10,000+ 5-Star Reviews
🧊 Stays Fresh for longer

#ColdBrew #SummerVibesOnly",Learn More,https://video.fblr2-2.fna.fbcdn.net/v/t42.1790-2/366761737_6461052217311207_1299873184859233147_n.?_nc_cat=109&ccb=1-7&_nc_sid=cf96c8&_nc_ohc=sdgXf2GFgfcAX8zgqv-&_nc_ht=video.fblr2-2.fna&oh=00_AfBvml5UA2Qh2-K8uD9yV4fcUhU6kgffALoYUzITLreptw&oe=64E38778,,Wandering Bear Coffee,WANDERINGBEARCOFFEE.COM,Coffee Shop Quality Cold Brew on Tap,"10,000+ 5-Star Reviews"
1692267351-969,https://www.facebook.com/ads/library/?active_status=all&ad_type=all&country=US&q=%22wanderingbearcoffee.com%22&sort_data[direction]=desc&sort_data[mode]=relevancy_monthly_grouped&search_type=keyword_exact_phrase&media_type=all,~110 results,1.44E+15,15-Aug-23,Active,2,"Get the cold brew box that keeps selling out! wanderingbear.com 🐻 With 10,000 5-Star reviews, 6+ smooth, bold flavors, and no added junk, this is the  ultimate fuel for your summer vibez. 😎🌴 

💯Satisfaction guaranteed or your money back - We’re a small team that stands behind our product.
🚫No more coffee stomach aches - no added sugar or dairy
⚡️🏃🏻‍♂️💨Each glass = 2 espresso shots. Zoom zoom!
😋We have all your favorite flavors
 ♺Recyclable & 🌱Organic
⭐️10,000+ 5-Star Reviews
🧊 Stays Fresh for longer

#ColdBrew #SummerVibesOnly",Learn More,https://video.fblr2-1.fna.fbcdn.net/v/t42.1790-2/366762396_226277436642363_4697031976604692987_n.?_nc_cat=101&ccb=1-7&_nc_sid=cf96c8&_nc_ohc=8eyJ9xa4BG8AX8U4TDi&_nc_ht=video.fblr2-1.fna&oh=00_AfAuZCnglE-zahW_zyHBleVhSApJQtj9VASnvH2RbAWTEQ&oe=64E27E92,,Wandering Bear Coffee,WANDERINGBEARCOFFEE.COM,Coffee Shop Quality Cold Brew on Tap,"10,000+ 5-Star Reviews"
1692267351-970,https://www.facebook.com/ads/library/?active_status=all&ad_type=all&country=US&q=%22wanderingbearcoffee.com%22&sort_data[direction]=desc&sort_data[mode]=relevancy_monthly_grouped&search_type=keyword_exact_phrase&media_type=all,~110 results,2.46E+15,14-Aug-23,Active,5,IT'S HERE! IT'S BACK! GET IT BEFORE IT SELLS OUT! 🏃‍♀️,Learn More,,https://scontent.fblr2-2.fna.fbcdn.net/v/t39.35426-6/367169840_316729857489045_5332676263555662094_n.jpg?stp=dst-jpg_s600x600&_nc_cat=108&ccb=1-7&_nc_sid=cf96c8&_nc_ohc=7aCeBWhdjEMAX8qz95U&_nc_ht=scontent.fblr2-2.fna&oh=00_AfD0Bgr6l8E8qXdiikGgjJgxOiJ2Jk68rSFEMayMgwDZZA&oe=64E33439,Wandering Bear Coffee,WANDERINGBEARCOFFEE.COM,Pumpkin Spice Cold Brew on Tap,"10,000+ 5-Star Reviews"
1692267351-971,https://www.facebook.com/ads/library/?active_status=all&ad_type=all&country=US&q=%22wanderingbearcoffee.com%22&sort_data[direction]=desc&sort_data[mode]=relevancy_monthly_grouped&search_type=keyword_exact_phrase&media_type=all,~110 results,3.53E+15,14-Aug-23,Active,3,IT'S HERE! IT'S BACK! GET IT BEFORE IT SELLS OUT! 🏃‍♀️,Learn More,,https://scontent.fblr2-1.fna.fbcdn.net/v/t39.35426-6/366697035_275113455225921_2266715859876796922_n.jpg?stp=dst-jpg_s600x600&_nc_cat=101&ccb=1-7&_nc_sid=cf96c8&_nc_ohc=XRFORHSsOJMAX9BRA4Q&_nc_ht=scontent.fblr2-1.fna&oh=00_AfDum5J8fzJ4masA5jMV0P9XJfKP78nexGXyUZuPatBcDw&oe=64E2721F,Wandering Bear Coffee,WANDERINGBEARCOFFEE.COM,Pumpkin Spice Cold Brew on Tap,"10,000+ 5-Star Reviews"
1692267351-972,https://www.facebook.com/ads/library/?active_status=all&ad_type=all&country=US&q=%22wanderingbearcoffee.com%22&sort_data[direction]=desc&sort_data[mode]=relevancy_monthly_grouped&search_type=keyword_exact_phrase&media_type=all,~110 results,1.64E+14,14-Aug-23,Active,,"CANCEL your old boring coffee routine & try our 3-for-1 Cold Brew Variety Pack!  Three tasty flavors at the price of one larger box, delivered right to you. Enjoy the fresh smell and fresher taste of our cold brew in ready to drink 32 oz cartons, perfect for at home or on the go. 

Try today and add some excitement back into your morning routine.

Wanderingbearcoffee.com ---> 
💯 Satisfaction guaranteed or your money back - We’re a small team that stands behind our product.
🚫 No more coffee stomach aches - no added sugar or dairy
⚡️🏃🏻💨 Each glass = 2 espresso shots. Zoom zoom!
😋 We have all your favorite flavors
♵ Recyclable & 🌱Organic
⭐10,000+ 5-Star Reviews
🧊 Stays Fresh",Learn More,,https://scontent.fblr2-2.fna.fbcdn.net/v/t39.35426-6/366581495_849584696766408_4403539976694338585_n.jpg?stp=dst-jpg_s600x600&_nc_cat=111&ccb=1-7&_nc_sid=cf96c8&_nc_ohc=SDm6_1Ue8k8AX_4A_Um&_nc_ht=scontent.fblr2-2.fna&oh=00_AfC32vxaG2_OVLn8jNPsAL2D7Ayl0Tb2_NCZTrO2FV0Xpg&oe=64E3B38E,Home Sweet Hacks,WANDERINGBEARCOFFEE.COM,🚨COFFEE ALERT🚨 32oz Variety Packs 3-for-1,"Over 10,000 5 Star Reviews"
1692267351-973,https://www.facebook.com/ads/library/?active_status=all&ad_type=all&country=US&q=%22wanderingbearcoffee.com%22&sort_data[direction]=desc&sort_data[mode]=relevancy_monthly_grouped&search_type=keyword_exact_phrase&media_type=all,~110 results,1.08E+15,14-Aug-23,Active,,"CANCEL your old boring coffee routine & try our 3-for-1 Cold Brew Variety Pack!  Three tasty flavors at the price of one larger box, delivered right to you. Enjoy the fresh smell and fresher taste of our cold brew in ready to drink 32 oz cartons, perfect for at home or on the go. 

Try today and add some excitement back into your morning routine.

Wanderingbearcoffee.com ---> 
💯 Satisfaction guaranteed or your money back - We’re a small team that stands behind our product.
🚫 No more coffee stomach aches - no added sugar or dairy
⚡️🏃🏻💨 Each glass = 2 espresso shots. Zoom zoom!
😋 We have all your favorite flavors
♵ Recyclable & 🌱Organic
⭐10,000+ 5-Star Reviews
🧊 Stays Fresh",Learn More,,https://scontent.fblr2-1.fna.fbcdn.net/v/t39.35426-6/366701159_204227932370992_6641199960087969540_n.jpg?stp=dst-jpg_s600x600&_nc_cat=102&ccb=1-7&_nc_sid=cf96c8&_nc_ohc=mpTp39-LtL0AX98d1Iv&_nc_ht=scontent.fblr2-1.fna&oh=00_AfB1nZwIg3Mq14Jspm3HxjUZRKmV9_SKp5To8rS5VBZ1Gw&oe=64E200DA,Home Sweet Hacks,WANDERINGBEARCOFFEE.COM,🚨COFFEE ALERT🚨 32oz Variety Packs 3-for-1,"Over 10,000 5 Star Reviews"
1692267351-974,https://www.facebook.com/ads/library/?active_status=all&ad_type=all&country=US&q=%22wanderingbearcoffee.com%22&sort_data[direction]=desc&sort_data[mode]=relevancy_monthly_grouped&search_type=keyword_exact_phrase&media_type=all,~110 results,1.35E+15,14-Aug-23,Active,,"CANCEL your old boring coffee routine & try our 3-for-1 Cold Brew Variety Pack!  Three tasty flavors at the price of one larger box, delivered right to you. Enjoy the fresh smell and fresher taste of our cold brew in ready to drink 32 oz cartons, perfect for at home or on the go. 

Try today and add some excitement back into your morning routine.

Wanderingbearcoffee.com ---> 
💯 Satisfaction guaranteed or your money back - We’re a small team that stands behind our product.
🚫 No more coffee stomach aches - no added sugar or dairy
⚡️🏃🏻💨 Each glass = 2 espresso shots. Zoom zoom!
😋 We have all your favorite flavors
♵ Recyclable & 🌱Organic
⭐10,000+ 5-Star Reviews
🧊 Stays Fresh",Learn More,,https://scontent.fblr2-2.fna.fbcdn.net/v/t39.35426-6/367448853_251135314513283_2243009890933513064_n.jpg?stp=dst-jpg_s600x600&_nc_cat=107&ccb=1-7&_nc_sid=cf96c8&_nc_ohc=iRj4R3xaeqsAX_GPYXV&_nc_oc=AQk3YnQ05oXha-wTUxZsgpxefTZLPPQvqR4poYMX2AHKcWy-AMuD68G0YcYnOdiR3Bo&_nc_ht=scontent.fblr2-2.fna&oh=00_AfDFwAKw2WvFNOdHbcY7711fgkDrQslezX2rZ5Wvb6MIFQ&oe=64E3D937,Home Sweet Hacks,WANDERINGBEARCOFFEE.COM,🚨COFFEE ALERT🚨 32oz Variety Packs 3-for-1,"Over 10,000 5 Star Reviews"
1692267351-975,https://www.facebook.com/ads/library/?active_status=all&ad_type=all&country=US&q=%22wanderingbearcoffee.com%22&sort_data[direction]=desc&sort_data[mode]=relevancy_monthly_grouped&search_type=keyword_exact_phrase&media_type=all,~110 results,6.16E+14,10-Aug-23,Active,2,IT'S HERE! IT'S BACK! GET IT BEFORE IT SELLS OUT! 🏃‍♀️,Learn More,,https://scontent.fblr2-1.fna.fbcdn.net/v/t39.35426-6/366101967_688000693171554_965663709920898722_n.jpg?stp=dst-jpg_s600x600&_nc_cat=102&ccb=1-7&_nc_sid=cf96c8&_nc_ohc=vKUl9jjQC9kAX8k5VJD&_nc_ht=scontent.fblr2-1.fna&oh=00_AfCLFpmbsPAIwLTpEd348KTuR3Hp1zE143TuTjlIaWGa0Q&oe=64E2BA83,Wandering Bear Coffee,WANDERINGBEARCOFFEE.COM,Pumpkin Spice Cold Brew on Tap,"10,000+ 5-Star Reviews"
1692267351-976,https://www.facebook.com/ads/library/?active_status=all&ad_type=all&country=US&q=%22wanderingbearcoffee.com%22&sort_data[direction]=desc&sort_data[mode]=relevancy_monthly_grouped&search_type=keyword_exact_phrase&media_type=all,~110 results,1.34E+15,10-Aug-23,Active,2,IT'S HERE! IT'S BACK! GET IT BEFORE IT SELLS OUT! 🏃‍♀️,Learn More,,https://scontent.fblr2-1.fna.fbcdn.net/v/t39.35426-6/366807909_975851047007011_9083769460036593467_n.jpg?stp=dst-jpg_s600x600&_nc_cat=103&ccb=1-7&_nc_sid=cf96c8&_nc_ohc=gAFhB8AbRosAX9jOR6f&_nc_ht=scontent.fblr2-1.fna&oh=00_AfDDWujFHJejbI6DzMQMPbO4Ig4XNPrJZj6QQpm4A4fcCA&oe=64E37968,Wandering Bear Coffee,WANDERINGBEARCOFFEE.COM,Pumpkin Spice Cold Brew on Tap,"10,000+ 5-Star Reviews"
1692267351-977,https://www.facebook.com/ads/library/?active_status=all&ad_type=all&country=US&q=%22wanderingbearcoffee.com%22&sort_data[direction]=desc&sort_data[mode]=relevancy_monthly_grouped&search_type=keyword_exact_phrase&media_type=all,~110 results,1.83E+14,08-Aug-23,Active,,"""AMAZING TASTE! SO SMOOTH! Love cold brew and this is insanely good. It feels like a boujee cafe on my tastebuds.""


Wanderingbearcoffee.com ---> 
💯 Satisfaction guaranteed or your money back - We’re a small team that stands behind our product.
🚫 No more coffee stomach aches - no added sugar or dairy
⚡️🏃🏻💨 Each glass = 2 espresso shots. Zoom zoom!
😋 We have all your favorite flavors
♵  Recyclable & 🌱Organic
⭐3500+ 5-Star Reviews
🧊 Stays Fresh",Learn More,https://video.fblr2-2.fna.fbcdn.net/v/t42.1790-2/300921270_1262325631250632_5888213631612238594_n.mp4?_nc_cat=110&ccb=1-7&_nc_sid=cf96c8&_nc_ohc=MKoUqFk_AH8AX_FOVVK&_nc_ht=video.fblr2-2.fna&oh=00_AfC22mWwO5Loi6gao2pcmOkocRmMPApr1vDqmlZP_k-VdA&oe=64E28029,,Wandering Bear Coffee,WANDERINGBEARCOFFEE.COM,10% Off - Code: BREW10,"Over 8,000 5 Star Reviews"
1692267351-978,https://www.facebook.com/ads/library/?active_status=all&ad_type=all&country=US&q=%22wanderingbearcoffee.com%22&sort_data[direction]=desc&sort_data[mode]=relevancy_monthly_grouped&search_type=keyword_exact_phrase&media_type=all,~110 results,9.57E+14,08-Aug-23,Active,,"""AMAZING TASTE! SO SMOOTH! Love cold brew and this is insanely good. It feels like a boujee cafe on my tastebuds.""


Wanderingbearcoffee.com ---> 
💯 Satisfaction guaranteed or your money back - We’re a small team that stands behind our product.
🚫 No more coffee stomach aches - no added sugar or dairy
⚡️🏃🏻💨 Each glass = 2 espresso shots. Zoom zoom!
😋 We have all your favorite flavors
♵  Recyclable & 🌱Organic
⭐3500+ 5-Star Reviews
🧊 Stays Fresh",Learn More,https://video.fblr2-2.fna.fbcdn.net/v/t42.1790-2/300095450_610838570439817_7730094951566586110_n.mp4?_nc_cat=100&ccb=1-7&_nc_sid=cf96c8&_nc_ohc=kNqv4c5-5wwAX8dkEMi&_nc_ht=video.fblr2-2.fna&oh=00_AfAmcOkAAzG4KzhNPYEWZHTsV6LujTY9yxHh1blpt2-_kw&oe=64E227A0,,Wandering Bear Coffee,WANDERINGBEARCOFFEE.COM,10% Off - Code: BREW10,"Over 8,000 5 Star Reviews"
1692267351-979,https://www.facebook.com/ads/library/?active_status=all&ad_type=all&country=US&q=%22wanderingbearcoffee.com%22&sort_data[direction]=desc&sort_data[mode]=relevancy_monthly_grouped&search_type=keyword_exact_phrase&media_type=all,~110 results,1.04E+15,08-Aug-23,Active,,"""AMAZING TASTE! SO SMOOTH! Love cold brew and this is insanely good. It feels like a boujee cafe on my tastebuds.""


Wanderingbearcoffee.com --->
💯 Satisfaction guaranteed or your money back - We’re a small team that stands behind our product.
🚫 No more coffee stomach aches - no added sugar or dairy
⚡️🏃🏻💨 Each glass = 2 espresso shots. Zoom zoom!
😋 We have all your favorite flavors
♵  Recyclable & 🌱Organic
⭐3500+ 5-Star Reviews
🧊 Stays Fresh",Learn More,https://video.fblr2-1.fna.fbcdn.net/v/t42.1790-2/364954377_1040711107102032_2299584669769641452_n.?_nc_cat=104&ccb=1-7&_nc_sid=cf96c8&_nc_ohc=WPA9eJPIcPkAX-XKLwy&_nc_ht=video.fblr2-1.fna&oh=00_AfAMC9UT9Lx493by1_Lb_qFCHA5sOUBCHE8n8JHxD8kZhg&oe=64E36283,,Wandering Bear Coffee,WANDERINGBEARCOFFEE.COM,10% Off - Code: BREW10,"Over 8,000 5 Star Reviews"
1692267351-980,https://www.facebook.com/ads/library/?active_status=all&ad_type=all&country=US&q=%22wanderingbearcoffee.com%22&sort_data[direction]=desc&sort_data[mode]=relevancy_monthly_grouped&search_type=keyword_exact_phrase&media_type=all,~110 results,6.75E+15,08-Aug-23,Active,,"""AMAZING TASTE! SO SMOOTH! Love cold brew and this is insanely good. It feels like a boujee cafe on my tastebuds.""


Wanderingbearcoffee.com ---> 
💯 Satisfaction guaranteed or your money back - We’re a small team that stands behind our product.
🚫 No more coffee stomach aches - no added sugar or dairy
⚡️🏃🏻💨 Each glass = 2 espresso shots. Zoom zoom!
😋 We have all your favorite flavors
♵  Recyclable & 🌱Organic
⭐3500+ 5-Star Reviews
🧊 Stays Fresh",Learn More,https://video.fblr2-1.fna.fbcdn.net/v/t42.1790-2/364958906_6754045617972963_6916228473493955404_n.?_nc_cat=103&ccb=1-7&_nc_sid=cf96c8&_nc_ohc=cdHqUH3eCQ0AX_ZMYDy&_nc_ht=video.fblr2-1.fna&oh=00_AfBL7yNs7gnbol148CKFbx3bXPyG9LYDCTTgQPR8okkQcw&oe=64E38263,,Wandering Bear Coffee,WANDERINGBEARCOFFEE.COM,10% Off - Code: BREW10,"Over 8,000 5 Star Reviews"
1692267351-981,https://www.facebook.com/ads/library/?active_status=all&ad_type=all&country=US&q=%22wanderingbearcoffee.com%22&sort_data[direction]=desc&sort_data[mode]=relevancy_monthly_grouped&search_type=keyword_exact_phrase&media_type=all,~110 results,9.76E+15,08-Aug-23,Active,,"""AMAZING TASTE! SO SMOOTH! Love cold brew and this is insanely good. It feels like a boujee cafe on my tastebuds.""


Wanderingbearcoffee.com ---> 
💯 Satisfaction guaranteed or your money back - We’re a small team that stands behind our product.
🚫 No more coffee stomach aches - no added sugar or dairy
⚡️🏃🏻💨 Each glass = 2 espresso shots. Zoom zoom!
😋 We have all your favorite flavors
♵  Recyclable & 🌱Organic
⭐3500+ 5-Star Reviews
🧊 Stays Fresh",Learn More,https://video.fblr2-2.fna.fbcdn.net/v/t42.1790-2/366758745_9758370044235010_8791184239343800123_n.?_nc_cat=111&ccb=1-7&_nc_sid=cf96c8&_nc_ohc=DCC5K-qUsVMAX9bUdqm&_nc_ht=video.fblr2-2.fna&oh=00_AfBKmadbbUW0-c6F-VnyQH9iPZ4Xcw4a6KAAWlELZDfR0w&oe=64E2BBA3,,Wandering Bear Coffee,WANDERINGBEARCOFFEE.COM,10% Off - Code: BREW10,"Over 8,000 5 Star Reviews"
1692267351-982,https://www.facebook.com/ads/library/?active_status=all&ad_type=all&country=US&q=%22wanderingbearcoffee.com%22&sort_data[direction]=desc&sort_data[mode]=relevancy_monthly_grouped&search_type=keyword_exact_phrase&media_type=all,~110 results,8.48E+14,08-Aug-23,Active,,IT'S HERE! IT'S BACK! GET IT BEFORE IT SELLS OUT! 🏃‍♀️,Learn More,https://video.fblr2-2.fna.fbcdn.net/v/t42.1790-2/365435589_848396972928553_3195601639585419912_n.?_nc_cat=111&ccb=1-7&_nc_sid=cf96c8&_nc_ohc=hi9QpvignfsAX8_mw0e&_nc_ht=video.fblr2-2.fna&oh=00_AfAgJAmU-F6nIWdJcJiMNBjRsTAQO2cVdDj49zPKgA0UOQ&oe=64E2847B,,Wandering Bear Coffee,WANDERINGBEARCOFFEE.COM,Pumpkin Spice Cold Brew on Tap,"10,000+ 5-Star Reviews"
1692267351-983,https://www.facebook.com/ads/library/?active_status=all&ad_type=all&country=US&q=%22wanderingbearcoffee.com%22&sort_data[direction]=desc&sort_data[mode]=relevancy_monthly_grouped&search_type=keyword_exact_phrase&media_type=all,~110 results,8.25E+14,08-Aug-23,Active,,IT'S HERE! IT'S BACK! GET IT BEFORE IT SELLS OUT! 🏃‍♀️,Learn More,https://video.fblr2-1.fna.fbcdn.net/v/t42.1790-2/365368535_825439502310113_6521173990557773226_n.?_nc_cat=102&ccb=1-7&_nc_sid=cf96c8&_nc_ohc=URwkRUmF_fUAX9x5oXH&_nc_ht=video.fblr2-1.fna&oh=00_AfAgZ20uNqistsP3tu-rivN627bhsnUFuny_4HHy_T69og&oe=64E25226,,Wandering Bear Coffee,WANDERINGBEARCOFFEE.COM,Pumpkin Spice Cold Brew on Tap,"10,000+ 5-Star Reviews"
1692267351-984,https://www.facebook.com/ads/library/?active_status=all&ad_type=all&country=US&q=%22wanderingbearcoffee.com%22&sort_data[direction]=desc&sort_data[mode]=relevancy_monthly_grouped&search_type=keyword_exact_phrase&media_type=all,~110 results,8.12E+14,08-Aug-23,Active,2,"Roll out of bed to delicious cold brew on tap in your fridge. wanderingbear.com 🐻 With 6+ smooth, bold flavors, no added junk, and 10,000+ 5-Star reviews, this is the  ultimate fuel for your summer vibez. 😎🌴 

💯Satisfaction guaranteed or your money back - We’re a small team that stands behind our product.
🚫No more coffee stomach aches - no added sugar or dairy
⚡️🏃🏻‍♂️💨Each glass = 2 espresso shots. Zoom zoom!
😋We have all your favorite flavors
 ♺Recyclable & 🌱Organic
⭐️10,000+ 5-Star Reviews
🧊 Stays Fresh for longer

#ColdBrew #SummerVibesOnly",Learn More,https://video.fblr2-1.fna.fbcdn.net/v/t42.1790-2/365389661_811827154018735_2473645276778552553_n.?_nc_cat=103&ccb=1-7&_nc_sid=cf96c8&_nc_ohc=WFHVmiy2sVEAX-WbWLf&_nc_ht=video.fblr2-1.fna&oh=00_AfAZVt8ZyrqCdk3V8nQVW9QRxWpNFdPR7cTPR93ukfWKAw&oe=64E321DA,,Wandering Bear Coffee,WANDERINGBEARCOFFEE.COM,Coffee Shop Quality Cold Brew on Tap,"10,000+ 5-Star Reviews"
1692267351-985,https://www.facebook.com/ads/library/?active_status=all&ad_type=all&country=US&q=%22wanderingbearcoffee.com%22&sort_data[direction]=desc&sort_data[mode]=relevancy_monthly_grouped&search_type=keyword_exact_phrase&media_type=all,~110 results,2.31E+14,08-Aug-23,Active,2,"Roll out of bed to delicious cold brew on tap in your fridge. wanderingbear.com 🐻 With 6+ smooth, bold flavors, no added junk, and 10,000+ 5-Star reviews, this is the  ultimate fuel for your summer vibez. 😎🌴 

💯Satisfaction guaranteed or your money back - We’re a small team that stands behind our product.
🚫No more coffee stomach aches - no added sugar or dairy
⚡️🏃🏻‍♂️💨Each glass = 2 espresso shots. Zoom zoom!
😋We have all your favorite flavors
 ♺Recyclable & 🌱Organic
⭐️10,000+ 5-Star Reviews
🧊 Stays Fresh for longer

#ColdBrew #SummerVibesOnly",Learn More,https://video.fblr2-1.fna.fbcdn.net/v/t42.1790-2/364960521_231276883215031_1260165373649552547_n.?_nc_cat=101&ccb=1-7&_nc_sid=cf96c8&_nc_ohc=ubMwN3pb0v8AX9uwMIZ&_nc_ht=video.fblr2-1.fna&oh=00_AfAuyZJ5gAr2uGybTP1DD0gX2XyNS7PK07roi3Qu8AA5ew&oe=64E252BC,,Wandering Bear Coffee,WANDERINGBEARCOFFEE.COM,Coffee Shop Quality Cold Brew on Tap,"10,000+ 5-Star Reviews"
1692267351-986,https://www.facebook.com/ads/library/?active_status=all&ad_type=all&country=US&q=%22wanderingbearcoffee.com%22&sort_data[direction]=desc&sort_data[mode]=relevancy_monthly_grouped&search_type=keyword_exact_phrase&media_type=all,~110 results,5.98E+14,08-Aug-23,Active,2,"Roll out of bed to delicious cold brew on tap in your fridge. wanderingbear.com 🐻 With 6+ smooth, bold flavors, no added junk, and 10,000+ 5-Star reviews, this is the  ultimate fuel for your summer vibez. 😎🌴 

💯Satisfaction guaranteed or your money back - We’re a small team that stands behind our product.
🚫No more coffee stomach aches - no added sugar or dairy
⚡️🏃🏻‍♂️💨Each glass = 2 espresso shots. Zoom zoom!
😋We have all your favorite flavors
 ♺Recyclable & 🌱Organic
⭐️10,000+ 5-Star Reviews
🧊 Stays Fresh for longer

#ColdBrew #SummerVibesOnly",Learn More,https://video.fblr2-1.fna.fbcdn.net/v/t42.1790-2/364972397_597535869028351_3338166535009270054_n.?_nc_cat=103&ccb=1-7&_nc_sid=cf96c8&_nc_ohc=hbZovn_FVZsAX-x5NVZ&_nc_ht=video.fblr2-1.fna&oh=00_AfDYuKij86uLAOeIwLVoK77kCsDW32JcZl7Rrr64UNEm9w&oe=64E392C1,,Wandering Bear Coffee,WANDERINGBEARCOFFEE.COM,Coffee Shop Quality Cold Brew on Tap,"10,000+ 5-Star Reviews"
1692267351-987,https://www.facebook.com/ads/library/?active_status=all&ad_type=all&country=US&q=%22wanderingbearcoffee.com%22&sort_data[direction]=desc&sort_data[mode]=relevancy_monthly_grouped&search_type=keyword_exact_phrase&media_type=all,~110 results,9.64E+14,08-Aug-23,Active,2,"Roll out of bed to delicious cold brew on tap in your fridge. wanderingbear.com 🐻 With 6+ smooth, bold flavors, no added junk, and 10,000+ 5-Star reviews, this is the  ultimate fuel for your summer vibez. 😎🌴 

💯Satisfaction guaranteed or your money back - We’re a small team that stands behind our product.
🚫No more coffee stomach aches - no added sugar or dairy
⚡️🏃🏻‍♂️💨Each glass = 2 espresso shots. Zoom zoom!
😋We have all your favorite flavors
 ♺Recyclable & 🌱Organic
⭐️10,000+ 5-Star Reviews
🧊 Stays Fresh for longer

#ColdBrew #SummerVibesOnly",Learn More,https://video.fblr2-2.fna.fbcdn.net/v/t42.1790-2/364957852_963645698260470_2239361759217782528_n.?_nc_cat=110&ccb=1-7&_nc_sid=cf96c8&_nc_ohc=YuQE4bhQEwsAX-kjCxo&_nc_ht=video.fblr2-2.fna&oh=00_AfBvT0p2BJxdGIybhJ0t5H_IGp7yOeWKF9If0VEXRZpI4A&oe=64E3D4D4,,Wandering Bear Coffee,WANDERINGBEARCOFFEE.COM,Coffee Shop Quality Cold Brew on Tap,"10,000+ 5-Star Reviews"
1692267351-988,https://www.facebook.com/ads/library/?active_status=all&ad_type=all&country=US&q=%22wanderingbearcoffee.com%22&sort_data[direction]=desc&sort_data[mode]=relevancy_monthly_grouped&search_type=keyword_exact_phrase&media_type=all,~110 results,9.85E+14,08-Aug-23,Active,2,"Roll out of bed to delicious cold brew on tap in your fridge. wanderingbear.com 🐻 With 6+ smooth, bold flavors, no added junk, and 10,000+ 5-Star reviews, this is the  ultimate fuel for your summer vibez. 😎🌴 

💯Satisfaction guaranteed or your money back - We’re a small team that stands behind our product.
🚫No more coffee stomach aches - no added sugar or dairy
⚡️🏃🏻‍♂️💨Each glass = 2 espresso shots. Zoom zoom!
😋We have all your favorite flavors
 ♺Recyclable & 🌱Organic
⭐️10,000+ 5-Star Reviews
🧊 Stays Fresh for longer

#ColdBrew #SummerVibesOnly",Learn More,https://video.fblr2-1.fna.fbcdn.net/v/t42.1790-2/364971853_984632202681206_3875238120692550995_n.?_nc_cat=101&ccb=1-7&_nc_sid=cf96c8&_nc_ohc=36k64mWS3AUAX_bRNzl&_nc_ht=video.fblr2-1.fna&oh=00_AfDOaNm25QsvxAZI_bUcHIhlC1mh3C0cv4F6aEvmTXrg4g&oe=64E1F7F2,,Wandering Bear Coffee,WANDERINGBEARCOFFEE.COM,Coffee Shop Quality Cold Brew on Tap,"10,000+ 5-Star Reviews"
1692267351-989,https://www.facebook.com/ads/library/?active_status=all&ad_type=all&country=US&q=%22wanderingbearcoffee.com%22&sort_data[direction]=desc&sort_data[mode]=relevancy_monthly_grouped&search_type=keyword_exact_phrase&media_type=all,~110 results,2.40E+14,05-Aug-23,Active,,"CANCEL your old boring coffee routine & try our 3-for-1 Cold Brew Variety Pack!  Three tasty flavors at the price of one larger box, delivered right to you. Enjoy the fresh smell and fresher taste of our cold brew in ready to drink 32 oz cartons, perfect for at home or on the go. 

Try today and add some excitement back into your morning routine.

Wanderingbearcoffee.com ---> 
💯 Satisfaction guaranteed or your money back - We’re a small team that stands behind our product.
🚫 No more coffee stomach aches - no added sugar or dairy
⚡️🏃🏻💨 Each glass = 2 espresso shots. Zoom zoom!
😋 We have all your favorite flavors
♵ Recyclable & 🌱Organic
⭐10,000+ 5-Star Reviews
🧊 Stays Fresh",Learn More,,https://scontent.fblr2-2.fna.fbcdn.net/v/t39.35426-6/365957087_2380436658795874_782075156309919407_n.jpg?stp=dst-jpg_s600x600&_nc_cat=108&ccb=1-7&_nc_sid=cf96c8&_nc_ohc=3sR-zKPl9ksAX-2SWis&_nc_ht=scontent.fblr2-2.fna&oh=00_AfA7C0VEa39vWgCLNZlJYy4Ob-gEwVPKf9jDn_PuNHpuQQ&oe=64E240FD,Home Sweet Hacks,WANDERINGBEARCOFFEE.COM,🚨COFFEE ALERT🚨 32oz Variety Packs 3-for-1,"Over 10,000 5 Star Reviews"
1692267351-990,https://www.facebook.com/ads/library/?active_status=all&ad_type=all&country=US&q=%22wanderingbearcoffee.com%22&sort_data[direction]=desc&sort_data[mode]=relevancy_monthly_grouped&search_type=keyword_exact_phrase&media_type=all,~110 results,3.05E+14,05-Aug-23,Active,,"CANCEL your old boring coffee routine & try our 3-for-1 Cold Brew Variety Pack!  Three tasty flavors at the price of one larger box, delivered right to you. Enjoy the fresh smell and fresher taste of our cold brew in ready to drink 32 oz cartons, perfect for at home or on the go. 

Try today and add some excitement back into your morning routine.

Wanderingbearcoffee.com ---> 
💯 Satisfaction guaranteed or your money back - We’re a small team that stands behind our product.
🚫 No more coffee stomach aches - no added sugar or dairy
⚡️🏃🏻💨 Each glass = 2 espresso shots. Zoom zoom!
😋 We have all your favorite flavors
♵ Recyclable & 🌱Organic
⭐10,000+ 5-Star Reviews
🧊 Stays Fresh",Learn More,,https://scontent.fblr2-2.fna.fbcdn.net/v/t39.35426-6/366006904_24189355803988832_4483741716378283220_n.jpg?stp=dst-jpg_s600x600&_nc_cat=105&ccb=1-7&_nc_sid=cf96c8&_nc_ohc=ZaKnHM6rpp0AX9GS6NR&_nc_ht=scontent.fblr2-2.fna&oh=00_AfB0J9teqaY2r2bhwZxH0zxDnkajqLGwrqwkyglznNur7w&oe=64E297EE,Home Sweet Hacks,WANDERINGBEARCOFFEE.COM,🚨COFFEE ALERT🚨 32oz Variety Packs 3-for-1,"Over 10,000 5 Star Reviews"
1692267351-991,https://www.facebook.com/ads/library/?active_status=all&ad_type=all&country=US&q=%22wanderingbearcoffee.com%22&sort_data[direction]=desc&sort_data[mode]=relevancy_monthly_grouped&search_type=keyword_exact_phrase&media_type=all,~110 results,2.16E+14,05-Aug-23,Active,,"CANCEL your old boring coffee routine & try our 3-for-1 Cold Brew Variety Pack!  Three tasty flavors at the price of one larger box, delivered right to you. Enjoy the fresh smell and fresher taste of our cold brew in ready to drink 32 oz cartons, perfect for at home or on the go. 

Try today and add some excitement back into your morning routine.

Wanderingbearcoffee.com ---> 
💯 Satisfaction guaranteed or your money back - We’re a small team that stands behind our product.
🚫 No more coffee stomach aches - no added sugar or dairy
⚡️🏃🏻💨 Each glass = 2 espresso shots. Zoom zoom!
😋 We have all your favorite flavors
♵ Recyclable & 🌱Organic
⭐10,000+ 5-Star Reviews
🧊 Stays Fresh",Learn More,,https://scontent.fblr2-1.fna.fbcdn.net/v/t39.35426-6/365258080_1296509177636906_1048941101752336090_n.jpg?stp=dst-jpg_s600x600&_nc_cat=104&ccb=1-7&_nc_sid=cf96c8&_nc_ohc=F03_z9vdQVcAX_XgTGN&_nc_oc=AQk8EVXJAYJq53Yu9aMdZK1ODdZZfTYy31M9E2_UTr1_cQV8D1Ndjk-FKuhv25clRGI&_nc_ht=scontent.fblr2-1.fna&oh=00_AfAuVJRUbbLN8uyZAQ2sgjkLsdPVhEahhZxVZyQYKmJSQw&oe=64E33DF8,Home Sweet Hacks,WANDERINGBEARCOFFEE.COM,🚨COFFEE ALERT🚨 32oz Variety Packs 3-for-1,"Over 10,000 5 Star Reviews"
1692267351-992,https://www.facebook.com/ads/library/?active_status=all&ad_type=all&country=US&q=%22wanderingbearcoffee.com%22&sort_data[direction]=desc&sort_data[mode]=relevancy_monthly_grouped&search_type=keyword_exact_phrase&media_type=all,~110 results,9.93E+14,05-Aug-23,Active,,"CANCEL your old boring coffee routine & try our 3-for-1 Cold Brew Variety Pack!  Three tasty flavors at the price of one larger box, delivered right to you. Enjoy the fresh smell and fresher taste of our cold brew in ready to drink 32 oz cartons, perfect for at home or on the go. 

Try today and add some excitement back into your morning routine.

Wanderingbearcoffee.com ---> 
💯 Satisfaction guaranteed or your money back - We’re a small team that stands behind our product.
🚫 No more coffee stomach aches - no added sugar or dairy
⚡️🏃🏻💨 Each glass = 2 espresso shots. Zoom zoom!
😋 We have all your favorite flavors
♵ Recyclable & 🌱Organic
⭐10,000+ 5-Star Reviews
🧊 Stays Fresh",Learn More,,https://scontent.fblr2-2.fna.fbcdn.net/v/t39.35426-6/365550901_653024993447641_4683922968178811641_n.jpg?stp=dst-jpg_s600x600&_nc_cat=110&ccb=1-7&_nc_sid=cf96c8&_nc_ohc=1oS9Lnknn3gAX-TnWij&_nc_ht=scontent.fblr2-2.fna&oh=00_AfBOlHYaVvZziHugWUgspIFDsIk10v0Zb-ZYTrPhGTk2Jg&oe=64E25E72,Home Sweet Hacks,WANDERINGBEARCOFFEE.COM,🚨COFFEE ALERT🚨 32oz Variety Packs 3-for-1,"Over 10,000 5 Star Reviews"
1692267351-993,https://www.facebook.com/ads/library/?active_status=all&ad_type=all&country=US&q=%22wanderingbearcoffee.com%22&sort_data[direction]=desc&sort_data[mode]=relevancy_monthly_grouped&search_type=keyword_exact_phrase&media_type=all,~110 results,1.68E+15,31-Jul-23,Active,,"CANCEL your old boring coffee routine & try our 3-for-1 Cold Brew Variety Pack!  Three tasty flavors at the price of one larger box, delivered right to you. Enjoy the fresh smell and fresher taste of our cold brew in ready to drink 32 oz cartons, perfect for at home or on the go. 

Try today and add some excitement back into your morning routine.

Wanderingbearcoffee.com ---> 
💯 Satisfaction guaranteed or your money back - We’re a small team that stands behind our product.
🚫 No more coffee stomach aches - no added sugar or dairy
⚡️🏃🏻💨 Each glass = 2 espresso shots. Zoom zoom!
😋 We have all your favorite flavors
♵ Recyclable & 🌱Organic
⭐10,000+ 5-Star Reviews
🧊 Stays Fresh",Learn More,,https://scontent.fblr2-2.fna.fbcdn.net/v/t39.35426-6/364748436_546796280867520_9083465865094527470_n.jpg?stp=dst-jpg_s600x600&_nc_cat=109&ccb=1-7&_nc_sid=cf96c8&_nc_ohc=jWvF-lH-UKwAX_OuEWy&_nc_ht=scontent.fblr2-2.fna&oh=00_AfBPn6U7dWFuzqmJtoawgRhTV6_rnCsCCd6IV2WXfCorIQ&oe=64E2184B,Wandering Bear Coffee,WANDERINGBEARCOFFEE.COM,🚨COFFEE ALERT🚨 32oz Variety Packs now available,"Organic, extra strong cold brew."
1692267351-994,https://www.facebook.com/ads/library/?active_status=all&ad_type=all&country=US&q=%22wanderingbearcoffee.com%22&sort_data[direction]=desc&sort_data[mode]=relevancy_monthly_grouped&search_type=keyword_exact_phrase&media_type=all,~110 results,6.71E+14,27-Jul-23,Active,3,"""Ever had coffee out of a winebox? That's what this is...cold brew on tap."" 
Wanderingbearcoffee.com ---> 
💯 Satisfaction guaranteed or your money back - We’re a small team that stands behind our product.
🚫 No more coffee stomach aches - no added sugar or dairy
⚡️🏃🏻💨 Each glass = 2 espresso shots. Zoom zoom!
😋 We have all your favorite flavors
♵ Recyclable & 🌱Organic
⭐10,000+ 5-Star Reviews
🧊 Stays Fresh",Learn More,https://video.fblr2-1.fna.fbcdn.net/v/t42.1790-2/362637368_671489744416387_5545663569566369375_n.?_nc_cat=106&ccb=1-7&_nc_sid=cf96c8&_nc_ohc=p-Um7m4XIaoAX-zl4gU&_nc_ht=video.fblr2-1.fna&oh=00_AfDBEsacgcJxyl3tLKIzJMk8jfJDxKHyhaPC9ElsUUGYyQ&oe=64E36C72,,Wandering Bear Coffee,WANDERINGBEARCOFFEE.COM,EXTRA STRONG COLD BREW ON TAP,"Organic, extra strong cold brew."
1692267351-995,https://www.facebook.com/ads/library/?active_status=all&ad_type=all&country=US&q=%22wanderingbearcoffee.com%22&sort_data[direction]=desc&sort_data[mode]=relevancy_monthly_grouped&search_type=keyword_exact_phrase&media_type=all,~110 results,5.90E+14,27-Jul-23,Active,2,"The game-changing way to enjoy your favorite cold brew - boxed!📦 Our innovative bag-in-box container blocks out light and air, keeping your cold brew fresher for longer. Say goodbye to stale bottled coffee and hello to deliciousness that lasts for weeks. Try it now and taste the difference!

Wanderingbearcoffee.com --->
💯Satisfaction guaranteed or your money back - We’re a small team that stands behind our product.
🚫No more coffee stomach aches - no added sugar or dairy
⚡️🏃🏻‍♂️💨Each glass = 2 espresso shots. Zoom zoom!
😋We have all your favorite flavors
 ♺Recyclable & 🌱Organic
⭐️10,000+ 5-Star Reviews
🧊 Stays Fresh",Order Now,https://video.fblr2-2.fna.fbcdn.net/v/t42.1790-2/363474920_590056909960209_7716666461685851378_n.?_nc_cat=111&ccb=1-7&_nc_sid=cf96c8&_nc_ohc=oDi9-ImAK9UAX-OAcx_&_nc_ht=video.fblr2-2.fna&oh=00_AfAxJH6yExPkpwUDo3G88X4JPnfRhtpaUq09og-kFK9LLw&oe=64E248BF,,Wandering Bear Coffee,WANDERINGBEARCOFFEE.COM,Cold Brew is Better Boxed,"Over 9,000 5 Star Reviews"
1692267351-996,https://www.facebook.com/ads/library/?active_status=all&ad_type=all&country=US&q=%22wanderingbearcoffee.com%22&sort_data[direction]=desc&sort_data[mode]=relevancy_monthly_grouped&search_type=keyword_exact_phrase&media_type=all,~110 results,1.32E+15,29-Jul-23,Active,2,"The game-changing way to enjoy your favorite cold brew - boxed!📦 Our innovative bag-in-box container blocks out light and air, keeping your cold brew fresher for longer. Say goodbye to stale bottled coffee and hello to deliciousness that lasts for weeks. Try it now and taste the difference!

Wanderingbearcoffee.com --->
💯Satisfaction guaranteed or your money back - We’re a small team that stands behind our product.
🚫No more coffee stomach aches - no added sugar or dairy
⚡️🏃🏻‍♂️💨Each glass = 2 espresso shots. Zoom zoom!
😋We have all your favorite flavors
 ♺Recyclable & 🌱Organic
⭐️10,000+ 5-Star Reviews
🧊 Stays Fresh",Learn More,https://video.fblr2-2.fna.fbcdn.net/v/t42.1790-2/363479971_1323788318231178_5646938247158977691_n.?_nc_cat=111&ccb=1-7&_nc_sid=cf96c8&_nc_ohc=ADy1UuVlITEAX9vVlpC&_nc_ht=video.fblr2-2.fna&oh=00_AfBEvg1YJuhoo0WYd6n4XtOvlrxoeiB0DDJl3go1ySgcjw&oe=64E2EE68,,Wandering Bear Coffee,WANDERINGBEARCOFFEE.COM,Cold Brew is Better Boxed,"Over 9,000 5 Star Reviews"
1692267351-997,https://www.facebook.com/ads/library/?active_status=all&ad_type=all&country=US&q=%22wanderingbearcoffee.com%22&sort_data[direction]=desc&sort_data[mode]=relevancy_monthly_grouped&search_type=keyword_exact_phrase&media_type=all,~110 results,3.48E+15,26-Jul-23,Active,,"CANCEL your old boring coffee routine & try our 3-for-1 Cold Brew Variety Pack!  Three tasty flavors at the price of one larger box, delivered right to you. Enjoy the fresh smell and fresher taste of our cold brew in ready to drink 32 oz cartons, perfect for at home or on the go. 

Try today and add some excitement back into your morning routine.

Wanderingbearcoffee.com ---> 
💯 Satisfaction guaranteed or your money back - We’re a small team that stands behind our product.
🚫 No more coffee stomach aches - no added sugar or dairy
⚡️🏃🏻💨 Each glass = 2 espresso shots. Zoom zoom!
😋 We have all your favorite flavors
♵ Recyclable & 🌱Organic
⭐10,000+ 5-Star Reviews
🧊 Stays Fresh",Learn More,,https://scontent.fblr2-1.fna.fbcdn.net/v/t39.35426-6/363787921_266757839321651_6873784100688173487_n.jpg?stp=dst-jpg_s600x600&_nc_cat=104&ccb=1-7&_nc_sid=cf96c8&_nc_ohc=2tGQXUuKKXgAX90xwnB&_nc_ht=scontent.fblr2-1.fna&oh=00_AfBzjVirTYfplKS5zv6lfM12G9Z74C0fM7yz5N0jQVj7ZA&oe=64E39822,Wandering Bear Coffee,WANDERINGBEARCOFFEE.COM,🚨COFFEE ALERT🚨 32oz Variety Packs now available,"Organic, extra strong cold brew."
1692267351-998,https://www.facebook.com/ads/library/?active_status=all&ad_type=all&country=US&q=%22wanderingbearcoffee.com%22&sort_data[direction]=desc&sort_data[mode]=relevancy_monthly_grouped&search_type=keyword_exact_phrase&media_type=all,~110 results,2.48E+14,26-Jul-23,Active,3,"Are you *really* still going to the coffee shop for cold brew? 🤯 This is smoother, stronger, and comes in a box for easy access with 15,000+ 5-star reviews. It sold out 18x so get it before it's too late...",Learn More,https://video.fblr2-1.fna.fbcdn.net/v/t42.1790-2/362359112_248073351025444_5055894816115513375_n.?_nc_cat=101&ccb=1-7&_nc_sid=cf96c8&_nc_ohc=kTwdwDkuddYAX8EMy1v&_nc_ht=video.fblr2-1.fna&oh=00_AfBMVWeRLcu-jhxsRW0b7VwqY3Q6Glo4JXZH7pDPmOV73Q&oe=64E21F81,,Wandering Bear Coffee,WANDERINGBEARCOFFEE.COM,Coffee Shop Quality Cold Brew on Tap,"Over 10,000 5 Star Reviews"
1692267351-999,https://www.facebook.com/ads/library/?active_status=all&ad_type=all&country=US&q=%22wanderingbearcoffee.com%22&sort_data[direction]=desc&sort_data[mode]=relevancy_monthly_grouped&search_type=keyword_exact_phrase&media_type=all,~110 results,9.67E+14,26-Jul-23,Active,,"CANCEL your old boring coffee routine & try our 3-for-1 Cold Brew Variety Pack!  Three tasty flavors at the price of one larger box, delivered right to you. Enjoy the fresh smell and fresher taste of our cold brew in ready to drink 32 oz cartons, perfect for at home or on the go. 

Try today and add some excitement back into your morning routine.

Wanderingbearcoffee.com ---> 
💯 Satisfaction guaranteed or your money back - We’re a small team that stands behind our product.
🚫 No more coffee stomach aches - no added sugar or dairy
⚡️🏃🏻💨 Each glass = 2 espresso shots. Zoom zoom!
😋 We have all your favorite flavors
♵ Recyclable & 🌱Organic
⭐10,000+ 5-Star Reviews
🧊 Stays Fresh",Learn More,,https://scontent.fblr2-1.fna.fbcdn.net/v/t39.35426-6/363449637_1471930113541861_6621015088340630469_n.jpg?stp=dst-jpg_s600x600&_nc_cat=103&ccb=1-7&_nc_sid=cf96c8&_nc_ohc=U3l7jKb5RUQAX_lGuBF&_nc_ht=scontent.fblr2-1.fna&oh=00_AfBhZi-y5BWm-NPFl75lOaVjxqLFwqCYEPmw5vDgHNVMRw&oe=64E25570,Wandering Bear Coffee,WANDERINGBEARCOFFEE.COM,🚨COFFEE ALERT🚨 32oz Variety Packs now available,"Organic, extra strong cold brew."
1692267351-1000,https://www.facebook.com/ads/library/?active_status=all&ad_type=all&country=US&q=%22wanderingbearcoffee.com%22&sort_data[direction]=desc&sort_data[mode]=relevancy_monthly_grouped&search_type=keyword_exact_phrase&media_type=all,~110 results,7.53E+14,26-Jul-23,Active,,"Roll out of bed to delicious cold brew on tap in your fridge. wanderingbear.com 🐻 With 6+ smooth, bold flavors, no added junk, and 10,000+ 5-Star reviews, this is the  ultimate fuel for your summer vibez. 😎🌴 

💯Satisfaction guaranteed or your money back - We’re a small team that stands behind our product.
🚫No more coffee stomach aches - no added sugar or dairy
⚡️🏃🏻‍♂️💨Each glass = 2 espresso shots. Zoom zoom!
😋We have all your favorite flavors
 ♺Recyclable & 🌱Organic
⭐️10,000+ 5-Star Reviews
🧊 Stays Fresh for longer

#ColdBrew #SummerVibesOnly",Learn More,,https://scontent.fblr2-1.fna.fbcdn.net/v/t39.35426-6/361966833_243111258660973_886128115418633296_n.jpg?stp=dst-jpg_s600x600&_nc_cat=103&ccb=1-7&_nc_sid=cf96c8&_nc_ohc=bRLDJh7hImkAX-7yR7k&_nc_ht=scontent.fblr2-1.fna&oh=00_AfDEnCLSGKwPxlUjna7bm8VsDxhwv6khMhA_M_VfWNAEfQ&oe=64E3A67D,Wandering Bear Coffee,WANDERINGBEARCOFFEE.COM,Coffee Shop Quality Cold Brew on Tap,"10,000+ 5-Star Reviews"
1692267351-1001,https://www.facebook.com/ads/library/?active_status=all&ad_type=all&country=US&q=%22wanderingbearcoffee.com%22&sort_data[direction]=desc&sort_data[mode]=relevancy_monthly_grouped&search_type=keyword_exact_phrase&media_type=all,~110 results,1.03E+15,21-Jul-23,Active,,,Learn more,https://video.fblr2-2.fna.fbcdn.net/v/t42.1790-2/361114867_1030796314579822_2994769999685002213_n.?_nc_cat=108&ccb=1-7&_nc_sid=cf96c8&_nc_ohc=KQw_jVcWQ_UAX_DZT9K&_nc_ht=video.fblr2-2.fna&oh=00_AfBh0yIi5L42-Qm3HHhetUqSMkrT3F32Aq8z1o0VtP8gZg&oe=64E2844F,,Wandering Bear Coffee,WANDERINGBEARCOFFEE.COM,Coffee shop quality cold brew on tap,"Organic, extra strong cold brew."
1692267351-1002,https://www.facebook.com/ads/library/?active_status=all&ad_type=all&country=US&q=%22wanderingbearcoffee.com%22&sort_data[direction]=desc&sort_data[mode]=relevancy_monthly_grouped&search_type=keyword_exact_phrase&media_type=all,~110 results,2.76E+14,20-Jul-23,Active,,,Learn more,https://video.fblr2-1.fna.fbcdn.net/v/t42.1790-2/361119254_275694665070422_2243465591730035778_n.?_nc_cat=102&ccb=1-7&_nc_sid=cf96c8&_nc_ohc=FanEDUH5Y-8AX8Pi1bQ&_nc_ht=video.fblr2-1.fna&oh=00_AfDdcodo3OGtQpa9HOTN-MfKc0G2UUh82rdTWjNeJ74VOQ&oe=64E2BE89,,Wandering Bear Coffee,WANDERINGBEARCOFFEE.COM,LIMITED TIME OFFER: 10% OFF,"Organic, extra strong cold brew."
1692267351-1003,https://www.facebook.com/ads/library/?active_status=all&ad_type=all&country=US&q=%22wanderingbearcoffee.com%22&sort_data[direction]=desc&sort_data[mode]=relevancy_monthly_grouped&search_type=keyword_exact_phrase&media_type=all,~110 results,1.71E+15,20-Jul-23,Active,,,Learn more,https://video.fblr2-2.fna.fbcdn.net/v/t42.1790-2/361115242_1705887516509017_417440371450271745_n.?_nc_cat=107&ccb=1-7&_nc_sid=cf96c8&_nc_ohc=lSVYdyTZ5uQAX-huInB&_nc_ht=video.fblr2-2.fna&oh=00_AfBr2GH9Kv3jbyMK76NE6qVEk4iO9jQLeMiJ0IY3DmKqFA&oe=64E2794A,,Wandering Bear Coffee,WANDERINGBEARCOFFEE.COM,EXTRA STRONG COLD BREW ON TAP,"Organic, extra strong cold brew."
1692267351-1004,https://www.facebook.com/ads/library/?active_status=all&ad_type=all&country=US&q=%22wanderingbearcoffee.com%22&sort_data[direction]=desc&sort_data[mode]=relevancy_monthly_grouped&search_type=keyword_exact_phrase&media_type=all,~110 results,1.28E+14,18-Jul-23,Active,,"Roll out of bed to delicious cold brew on tap in your fridge from @wanderingbear.com ☀️🐻.  With 6+ smooth, bold flavors, no added junk, and 10,000+ 5-Star reviews, this is the  ultimate fuel for your summer vibez. 😎🌴 

💯Satisfaction guaranteed or your money back - We’re a small team that stands behind our product.
🚫No more coffee stomach aches - no added sugar or dairy
⚡️🏃🏻‍♂️💨Each glass = 2 espresso shots. Zoom zoom!
😋We have all your favorite flavors
 ♺Recyclable & 🌱Organic
⭐️10,000+ 5-Star Reviews
🧊 Stays Fresh for longer

#ColdBrew #SummerVibesOnly",Learn More,https://video.fblr2-1.fna.fbcdn.net/v/t42.1790-2/360024037_127664690378562_9221466111557069338_n.?_nc_cat=102&ccb=1-7&_nc_sid=cf96c8&_nc_ohc=w1NFm3cUKpgAX98xFTj&_nc_ht=video.fblr2-1.fna&oh=00_AfCk6w73vHbJ88HQp9W1Sz6CaaQxGTqBFCW6vpIvHIRN4Q&oe=64E3608F,,Wandering Bear Coffee,WANDERINGBEARCOFFEE.COM,Coffee Shop Quality Cold Brew on Tap,"Over 10,000 5 Star Reviews"
1692267351-1005,https://www.facebook.com/ads/library/?active_status=all&ad_type=all&country=US&q=%22wanderingbearcoffee.com%22&sort_data[direction]=desc&sort_data[mode]=relevancy_monthly_grouped&search_type=keyword_exact_phrase&media_type=all,~110 results,1.06E+15,18-Jul-23,Active,,"Roll out of bed to delicious cold brew on tap in your fridge. wanderingbear.com 🐻 With 6+ smooth, bold flavors, no added junk, and 10,000+ 5-Star reviews, this is the  ultimate fuel for your summer vibez. 😎🌴 

💯Satisfaction guaranteed or your money back - We’re a small team that stands behind our product.
🚫No more coffee stomach aches - no added sugar or dairy
⚡️🏃🏻‍♂️💨Each glass = 2 espresso shots. Zoom zoom!
😋We have all your favorite flavors
 ♺Recyclable & 🌱Organic
⭐️10,000+ 5-Star Reviews
🧊 Stays Fresh for longer

#ColdBrew #SummerVibesOnly",Learn More,,https://scontent.fblr2-1.fna.fbcdn.net/v/t39.35426-6/361853122_1256555621689491_3460050746765312179_n.jpg?stp=dst-jpg_s600x600&_nc_cat=101&ccb=1-7&_nc_sid=cf96c8&_nc_ohc=XpGOYQAfq6IAX8YKumI&_nc_ht=scontent.fblr2-1.fna&oh=00_AfD6cLOVLBYdeYB8OluGISS8ghP_m33rZh2dizA9GpCGNA&oe=64E28DBE,Wandering Bear Coffee,WANDERINGBEARCOFFEE.COM,Coffee Shop Quality Cold Brew on Tap,"10,000+ 5-Star Reviews"
1692267351-1006,https://www.facebook.com/ads/library/?active_status=all&ad_type=all&country=US&q=%22wanderingbearcoffee.com%22&sort_data[direction]=desc&sort_data[mode]=relevancy_monthly_grouped&search_type=keyword_exact_phrase&media_type=all,~110 results,6.65E+14,18-Jul-23,Active,2,"Roll out of bed to delicious cold brew on tap in your fridge. wanderingbear.com 🐻 With 6+ smooth, bold flavors, no added junk, and 10,000+ 5-Star reviews, this is the  ultimate fuel for your summer vibez. 😎🌴 

💯Satisfaction guaranteed or your money back - We’re a small team that stands behind our product.
🚫No more coffee stomach aches - no added sugar or dairy
⚡️🏃🏻‍♂️💨Each glass = 2 espresso shots. Zoom zoom!
😋We have all your favorite flavors
 ♺Recyclable & 🌱Organic
⭐️10,000+ 5-Star Reviews
🧊 Stays Fresh for longer

#ColdBrew #SummerVibesOnly",Learn More,,https://scontent.fblr2-2.fna.fbcdn.net/v/t39.35426-6/361863193_115355201605232_5114113833885659844_n.jpg?stp=dst-jpg_s600x600&_nc_cat=111&ccb=1-7&_nc_sid=cf96c8&_nc_ohc=egR1qfT3ywQAX-sOX8I&_nc_ht=scontent.fblr2-2.fna&oh=00_AfB2uFe-YSdvIb2oi0BKkdd2NJ9Dqd4K0pwIQZe3MoPjCg&oe=64E25653,Wandering Bear Coffee,WANDERINGBEARCOFFEE.COM,Coffee Shop Quality Cold Brew on Tap,"10,000+ 5-Star Reviews"
1692267351-1007,https://www.facebook.com/ads/library/?active_status=all&ad_type=all&country=US&q=%22wanderingbearcoffee.com%22&sort_data[direction]=desc&sort_data[mode]=relevancy_monthly_grouped&search_type=keyword_exact_phrase&media_type=all,~110 results,5.81E+14,15-Jul-23,Active,,"Are you *really* still going to the coffee shop for cold brew? 🤯 This is smoother, stronger, and comes in a box for easy access with 15,000+ 5-star reviews. It sold out 18x so get it before it's too late...",Learn More,,https://scontent.fblr2-2.fna.fbcdn.net/v/t39.35426-6/357522814_129564943513553_6025697282139682339_n.jpg?stp=dst-jpg_s600x600&_nc_cat=108&ccb=1-7&_nc_sid=cf96c8&_nc_ohc=3xfPHbZddhMAX9CJhxQ&_nc_ht=scontent.fblr2-2.fna&oh=00_AfDxE29MDUcnxF8Ahxi-DeSL3f8tR96KZygb8S2XV7GwGg&oe=64E1F723,Wandering Bear Coffee,WANDERINGBEARCOFFEE.COM,Coffee Shop Quality Cold Brew on Tap,"Over 10,000 5 Star Reviews"
1692267351-1008,https://www.facebook.com/ads/library/?active_status=all&ad_type=all&country=US&q=%22wanderingbearcoffee.com%22&sort_data[direction]=desc&sort_data[mode]=relevancy_monthly_grouped&search_type=keyword_exact_phrase&media_type=all,~110 results,3.08E+14,13-Jul-23,Active,,"You asked, we delivered! Back for limited time - Dirty Vanilla Chai 🧊☕

Wanderingbearcoffee.com ---> 
💯 Satisfaction guaranteed or your money back - We’re a small team that stands behind our product.
🚫 No more coffee stomach aches - no added sugar or dairy
⚡️🏃🏻💨 Each glass = 2 espresso shots. Zoom zoom!
😋 We have all your favorite flavors
♵  Recyclable & 🌱Organic
⭐10500+ 5-Star Reviews
🧊 Stays Fresh",Learn More,,https://scontent.fblr2-1.fna.fbcdn.net/v/t39.35426-6/359046884_133985573063748_8467128295712891540_n.jpg?stp=dst-jpg_s600x600&_nc_cat=106&ccb=1-7&_nc_sid=cf96c8&_nc_ohc=itDiamjpxdcAX8Invv1&_nc_ht=scontent.fblr2-1.fna&oh=00_AfB4SerPbLLgTWEcdesuhX146YRz_Yr8cJ3dLKzbvZ47Sg&oe=64E29984,Wandering Bear Coffee,WANDERINGBEARCOFFEE.COM,Dirty Vanilla Chai Cold Brew on Tap,"Over 10,000 5 Star Reviews"
1692267351-1009,https://www.facebook.com/ads/library/?active_status=all&ad_type=all&country=US&q=%22wanderingbearcoffee.com%22&sort_data[direction]=desc&sort_data[mode]=relevancy_monthly_grouped&search_type=keyword_exact_phrase&media_type=all,~110 results,3.41E+15,12-Jul-23,Active,,"You asked, we delivered! Back for limited time - Dirty Vanilla Chai 🧊☕

Wanderingbearcoffee.com ---> 
💯 Satisfaction guaranteed or your money back - We’re a small team that stands behind our product.
🚫 No more coffee stomach aches - no added sugar or dairy
⚡️🏃🏻💨 Each glass = 2 espresso shots. Zoom zoom!
😋 We have all your favorite flavors
♵  Recyclable & 🌱Organic
⭐10500+ 5-Star Reviews
🧊 Stays Fresh",Learn More,,https://scontent.fblr2-1.fna.fbcdn.net/v/t39.35426-6/358619206_647121167353488_7309733457727176155_n.jpg?stp=dst-jpg_s600x600&_nc_cat=102&ccb=1-7&_nc_sid=cf96c8&_nc_ohc=YeU2FSeXdkkAX9xNH6K&_nc_ht=scontent.fblr2-1.fna&oh=00_AfBP8dFLp55uOv-pb944lHjnbhj8s0TZqmEARJl1VLBjqA&oe=64E3D13C,Wandering Bear Coffee,WANDERINGBEARCOFFEE.COM,Dirty Vanilla Chai Cold Brew on Tap,"Over 10,000 5 Star Reviews"
1692267351-1010,https://www.facebook.com/ads/library/?active_status=all&ad_type=all&country=US&q=%22wanderingbearcoffee.com%22&sort_data[direction]=desc&sort_data[mode]=relevancy_monthly_grouped&search_type=keyword_exact_phrase&media_type=all,~110 results,2.35E+14,12-Jul-23,Active,2,"You asked, we delivered! Back for limited time - Dirty Vanilla Chai 🧊☕

Wanderingbearcoffee.com ---> 
💯 Satisfaction guaranteed or your money back - We’re a small team that stands behind our product.
🚫 No more coffee stomach aches - no added sugar or dairy
⚡️🏃🏻💨 Each glass = 2 espresso shots. Zoom zoom!
😋 We have all your favorite flavors
♵  Recyclable & 🌱Organic
⭐10500+ 5-Star Reviews
🧊 Stays Fresh",Learn More,,https://scontent.fblr2-1.fna.fbcdn.net/v/t39.35426-6/358616201_177584818648066_3796348959632018481_n.jpg?stp=dst-jpg_s600x600&_nc_cat=102&ccb=1-7&_nc_sid=cf96c8&_nc_ohc=hV-2-OgCqwsAX9MoQTb&_nc_ht=scontent.fblr2-1.fna&oh=00_AfDAVUtlb2lMlzNTebe17_klDPlaHy2l5dED6ChiQCj_zg&oe=64E372EE,Wandering Bear Coffee,WANDERINGBEARCOFFEE.COM,Dirty Vanilla Chai Cold Brew on Tap,"Over 10,000 5 Star Reviews"
1692267351-1011,https://www.facebook.com/ads/library/?active_status=all&ad_type=all&country=US&q=%22wanderingbearcoffee.com%22&sort_data[direction]=desc&sort_data[mode]=relevancy_monthly_grouped&search_type=keyword_exact_phrase&media_type=all,~110 results,2.33E+14,10-Jul-23,Active,,"Get your summer sips with @wanderingbearco ☀️🐻. This cold brew on tap is the ultimate fuel for your summer vibez. 😎🌴 Sip on bold and smooth flavors that'll transport you to paradise. #WanderingBearSummer #ColdBrewCrew #SummerVibesOnly

Wanderingbearcoffee.com --->
💯Satisfaction guaranteed or your money back - We’re a small team that stands behind our product.
🚫No more coffee stomach aches - no added sugar or dairy
⚡️🏃🏻‍♂️💨Each glass = 2 espresso shots. Zoom zoom!
😋We have all your favorite flavors
 ♺Recyclable & 🌱Organic
⭐️10,000+ 5-Star Reviews
🧊 Stays Fresh",Learn More,https://video.fblr2-2.fna.fbcdn.net/v/t42.1790-2/358175910_232572126323395_1257962755034675959_n.?_nc_cat=105&ccb=1-7&_nc_sid=cf96c8&_nc_ohc=0hLyGBvxND8AX947UUi&_nc_ht=video.fblr2-2.fna&oh=00_AfDy97Ub_iBO-8OwkHBiCmy9OvWbk1EqfvJDhh0NFj1oYw&oe=64E393F4,,Wandering Bear Coffee,WANDERINGBEARCOFFEE.COM,Your New Summer Sips,"Over 10,000 5 Star Reviews"
1692267351-1012,https://www.facebook.com/ads/library/?active_status=all&ad_type=all&country=US&q=%22wanderingbearcoffee.com%22&sort_data[direction]=desc&sort_data[mode]=relevancy_monthly_grouped&search_type=keyword_exact_phrase&media_type=all,~110 results,2.67E+14,10-Jul-23,Active,,"Get your summer sips with @wanderingbearco ☀️🐻. This cold brew on tap is the ultimate fuel for your summer vibez. 😎🌴 Sip on bold and smooth flavors that'll transport you to paradise. #WanderingBearSummer #ColdBrewCrew #SummerVibesOnly

Wanderingbearcoffee.com --->
💯Satisfaction guaranteed or your money back - We’re a small team that stands behind our product.
🚫No more coffee stomach aches - no added sugar or dairy
⚡️🏃🏻‍♂️💨Each glass = 2 espresso shots. Zoom zoom!
😋We have all your favorite flavors
 ♺Recyclable & 🌱Organic
⭐️10,000+ 5-Star Reviews
🧊 Stays Fresh",Learn More,https://video.fblr2-2.fna.fbcdn.net/v/t42.1790-2/359007411_267264245905699_4246359624426280264_n.?_nc_cat=111&ccb=1-7&_nc_sid=cf96c8&_nc_ohc=729JtgEDJ2cAX_IxpsJ&_nc_ht=video.fblr2-2.fna&oh=00_AfDeeAeuEExJVBUPPeQhoVwkfhYFXyZu0yVX3oWjphZ5ug&oe=64E259A5,,Wandering Bear Coffee,WANDERINGBEARCOFFEE.COM,Your New Summer Sips,"Over 10,000 5 Star Reviews"
1692267351-1013,https://www.facebook.com/ads/library/?active_status=all&ad_type=all&country=US&q=%22wanderingbearcoffee.com%22&sort_data[direction]=desc&sort_data[mode]=relevancy_monthly_grouped&search_type=keyword_exact_phrase&media_type=all,~110 results,2.82E+14,06-Jul-23,Active,,"Roll out of bed to delicious cold brew on tap in your fridge. wanderingbear.com 🐻 With 6+ smooth, bold flavors, no added junk, and 10,000+ 5-Star reviews, this is the  ultimate fuel for your summer vibez. 😎🌴 

💯Satisfaction guaranteed or your money back - We’re a small team that stands behind our product.
🚫No more coffee stomach aches - no added sugar or dairy
⚡️🏃🏻‍♂️💨Each glass = 2 espresso shots. Zoom zoom!
😋We have all your favorite flavors
 ♺Recyclable & 🌱Organic
⭐️10,000+ 5-Star Reviews
🧊 Stays Fresh for longer

#ColdBrew #SummerVibesOnly",Learn More,,https://scontent.fblr2-2.fna.fbcdn.net/v/t39.35426-6/357557183_1660219597776981_3571093101105997206_n.jpg?stp=dst-jpg_s600x600&_nc_cat=108&ccb=1-7&_nc_sid=cf96c8&_nc_ohc=VYYoCVVBsVAAX8Q-bhP&_nc_ht=scontent.fblr2-2.fna&oh=00_AfCnkr2DPiozRknHk3jJVsMh8nUqFX0KeRfaFHlbZ2H4qg&oe=64E25695,Wandering Bear Coffee,WANDERINGBEARCOFFEE.COM,Coffee Shop Quality Cold Brew on Tap,"10,000+ 5-Star Reviews"
1692267351-1014,https://www.facebook.com/ads/library/?active_status=all&ad_type=all&country=US&q=%22wanderingbearcoffee.com%22&sort_data[direction]=desc&sort_data[mode]=relevancy_monthly_grouped&search_type=keyword_exact_phrase&media_type=all,~110 results,3.26E+14,06-Jul-23,Active,,"Roll out of bed to delicious cold brew on tap in your fridge. wanderingbear.com 🐻 With 6+ smooth, bold flavors, no added junk, and 10,000+ 5-Star reviews, this is the  ultimate fuel for your summer vibez. 😎🌴 

💯Satisfaction guaranteed or your money back - We’re a small team that stands behind our product.
🚫No more coffee stomach aches - no added sugar or dairy
⚡️🏃🏻‍♂️💨Each glass = 2 espresso shots. Zoom zoom!
😋We have all your favorite flavors
 ♺Recyclable & 🌱Organic
⭐️10,000+ 5-Star Reviews
🧊 Stays Fresh for longer

#ColdBrew #SummerVibesOnly",Learn More,,https://scontent.fblr2-1.fna.fbcdn.net/v/t39.35426-6/358573513_1425271001641705_8458065395584165801_n.jpg?stp=dst-jpg_s600x600&_nc_cat=101&ccb=1-7&_nc_sid=cf96c8&_nc_ohc=5cxMeTzlFzAAX_6hAbe&_nc_ht=scontent.fblr2-1.fna&oh=00_AfCoBjHdp5uxTMw67ELUCH7qdOIvHQz8vSKN1At1ETAEaQ&oe=64E36E4F,Wandering Bear Coffee,WANDERINGBEARCOFFEE.COM,Coffee Shop Quality Cold Brew on Tap,"10,000+ 5-Star Reviews"
1692267351-1015,https://www.facebook.com/ads/library/?active_status=all&ad_type=all&country=US&q=%22wanderingbearcoffee.com%22&sort_data[direction]=desc&sort_data[mode]=relevancy_monthly_grouped&search_type=keyword_exact_phrase&media_type=all,~110 results,7.41E+14,06-Jul-23,Active,,"Roll out of bed to delicious cold brew on tap in your fridge. wanderingbear.com 🐻 With 6+ smooth, bold flavors, no added junk, and 10,000+ 5-Star reviews, this is the  ultimate fuel for your summer vibez. 😎🌴 

💯Satisfaction guaranteed or your money back - We’re a small team that stands behind our product.
🚫No more coffee stomach aches - no added sugar or dairy
⚡️🏃🏻‍♂️💨Each glass = 2 espresso shots. Zoom zoom!
😋We have all your favorite flavors
 ♺Recyclable & 🌱Organic
⭐️10,000+ 5-Star Reviews
🧊 Stays Fresh for longer

#ColdBrew #SummerVibesOnly",Learn More,,https://scontent.fblr2-2.fna.fbcdn.net/v/t39.35426-6/358100068_200744052957947_6867522380189845350_n.jpg?stp=dst-jpg_s600x600&_nc_cat=107&ccb=1-7&_nc_sid=cf96c8&_nc_ohc=JH7o5YcxpcEAX8-8g5-&_nc_ht=scontent.fblr2-2.fna&oh=00_AfBgLCQDTLt0Rgx2BiG5-LVUWxkEIjOgUmK3vxURhTJkZA&oe=64E24400,Wandering Bear Coffee,WANDERINGBEARCOFFEE.COM,Coffee Shop Quality Cold Brew on Tap,"10,000+ 5-Star Reviews"
1692267351-1016,https://www.facebook.com/ads/library/?active_status=all&ad_type=all&country=US&q=%22wanderingbearcoffee.com%22&sort_data[direction]=desc&sort_data[mode]=relevancy_monthly_grouped&search_type=keyword_exact_phrase&media_type=all,~110 results,1.32E+15,06-Jul-23,Active,,,Learn more,https://video.fblr2-2.fna.fbcdn.net/v/t42.1790-2/343122915_1708495382937807_1146974383740644550_n.?_nc_cat=108&ccb=1-7&_nc_sid=cf96c8&_nc_ohc=rUb4ylMyXXQAX-PizUR&_nc_ht=video.fblr2-2.fna&oh=00_AfDPwZ2tqnid-N5r9s5WYCUzmJBW8Czun5csPYOIHNSYaA&oe=64E21233,,Wandering Bear Coffee,WANDERINGBEARCOFFEE.COM,Dirty Vanilla Chai Cold Brew on Tap,"Over 9,000 5 Star Reviews"
1692267351-1017,https://www.facebook.com/ads/library/?active_status=all&ad_type=all&country=US&q=%22wanderingbearcoffee.com%22&sort_data[direction]=desc&sort_data[mode]=relevancy_monthly_grouped&search_type=keyword_exact_phrase&media_type=all,~110 results,5.86E+14,06-Jul-23,Active,,"Roll out of bed, walk to the fridge, and have delicious cold brew on tap and ready to go
Wanderingbearcoffee.com ---> 
💯 Satisfaction guaranteed or your money back - We’re a small team that stands behind our product.
🚫 No more coffee stomach aches - no added sugar or dairy
⚡️🏃🏻💨 Each glass = 2 espresso shots. Zoom zoom!
😋 We have all your favorite flavors
♵ Recyclable & 🌱Organic
⭐9500+ 5-Star Reviews
🧊 Stays Fresh",Shop Now,,https://scontent.fblr2-2.fna.fbcdn.net/v/t39.35426-6/347268010_805090630986420_3900511844905544531_n.jpg?stp=dst-jpg_s600x600&_nc_cat=110&ccb=1-7&_nc_sid=cf96c8&_nc_ohc=8DP-hrL5XCgAX-qAXhJ&_nc_ht=scontent.fblr2-2.fna&oh=00_AfCgIBGrSSdbF5lpzBpDVVYTfoMvf1mzBu9tLVpNWkLqkg&oe=64E334A3,Wandering Bear Coffee,WANDERINGBEARCOFFEE.COM,Because Cold Brew is Better on Tap,"Organic, extra strong cold brew."
1692267351-1018,https://www.facebook.com/ads/library/?active_status=all&ad_type=all&country=US&q=%22wanderingbearcoffee.com%22&sort_data[direction]=desc&sort_data[mode]=relevancy_monthly_grouped&search_type=keyword_exact_phrase&media_type=all,~110 results,1.01E+15,06-Jul-23,Active,,"CANCEL your old boring coffee routine & try our 3-for-1 Cold Brew Variety Pack!  Three tasty flavors at the price of one larger box, delivered right to you. Enjoy the fresh smell and fresher taste of our cold brew in ready to drink 32 oz cartons, perfect for at home or on the go. 

Try today and add some excitement back into your morning routine.

Wanderingbearcoffee.com ---> 
💯 Satisfaction guaranteed or your money back - We’re a small team that stands behind our product.
🚫 No more coffee stomach aches - no added sugar or dairy
⚡️🏃🏻💨 Each glass = 2 espresso shots. Zoom zoom!
😋 We have all your favorite flavors
♵ Recyclable & 🌱Organic
⭐9500+ 5-Star Reviews
🧊 Stays Fresh",Shop Now,,https://scontent.fblr2-2.fna.fbcdn.net/v/t39.35426-6/326517716_733608788118726_1985116578002281912_n.jpg?stp=dst-jpg_s600x600&_nc_cat=111&ccb=1-7&_nc_sid=cf96c8&_nc_ohc=TF3GfAj2AK0AX9urbmP&_nc_ht=scontent.fblr2-2.fna&oh=00_AfDViJzjGt4-Q91rGd4rj9BwK-lm7h1MQcodjHsuTyxxSw&oe=64E2DB7D,Wandering Bear Coffee,WANDERINGBEARCOFFEE.COM,🚨COFFEE ALERT🚨 32oz Variety Packs now available,"Organic, extra strong cold brew."
1692267351-1019,https://www.facebook.com/ads/library/?active_status=all&ad_type=all&country=US&q=%22wanderingbearcoffee.com%22&sort_data[direction]=desc&sort_data[mode]=relevancy_monthly_grouped&search_type=keyword_exact_phrase&media_type=all,~110 results,7.89E+14,26-Jun-23,Active,,"You asked, we delivered! Back for limited time - Dirty Vanilla Chai 🧊☕

Wanderingbearcoffee.com ---> 
💯 Satisfaction guaranteed or your money back - We’re a small team that stands behind our product.
🚫 No more coffee stomach aches - no added sugar or dairy
⚡️🏃🏻💨 Each glass = 2 espresso shots. Zoom zoom!
😋 We have all your favorite flavors
♵  Recyclable & 🌱Organic
⭐3500+ 5-Star Reviews
🧊 Stays Fresh",Learn More,,https://scontent.fblr2-1.fna.fbcdn.net/v/t39.35426-6/356652920_638815771613245_2654261643751700344_n.jpg?stp=dst-jpg_s600x600&_nc_cat=104&ccb=1-7&_nc_sid=cf96c8&_nc_ohc=8_suybsDgakAX85T8XS&_nc_ht=scontent.fblr2-1.fna&oh=00_AfDvmUJqOd0J0FKawWDHyZ3hOAN_pznsZZ53uW2picfYnw&oe=64E396A9,Wandering Bear Coffee,WANDERINGBEARCOFFEE.COM,Dirty Vanilla Chai Cold Brew on Tap,"Over 9,000 5 Star Reviews"
1692267351-1020,https://www.facebook.com/ads/library/?active_status=all&ad_type=all&country=US&q=%22wanderingbearcoffee.com%22&sort_data[direction]=desc&sort_data[mode]=relevancy_monthly_grouped&search_type=keyword_exact_phrase&media_type=all,~110 results,1.65E+15,27-Jun-23,Active,,"You asked, we delivered! Back for limited time - Dirty Vanilla Chai 🧊☕

Wanderingbearcoffee.com ---> 
💯 Satisfaction guaranteed or your money back - We’re a small team that stands behind our product.
🚫 No more coffee stomach aches - no added sugar or dairy
⚡️🏃🏻💨 Each glass = 2 espresso shots. Zoom zoom!
😋 We have all your favorite flavors
♵  Recyclable & 🌱Organic
⭐3500+ 5-Star Reviews
🧊 Stays Fresh",Learn More,,https://scontent.fblr2-2.fna.fbcdn.net/v/t39.35426-6/356129038_210021041527997_1542033687437685336_n.jpg?stp=dst-jpg_s600x600&_nc_cat=105&ccb=1-7&_nc_sid=cf96c8&_nc_ohc=8VGgqUuVYS8AX9-bD5e&_nc_ht=scontent.fblr2-2.fna&oh=00_AfDvQdhKVD5ZVzU7Ijg-Ptvt5plJCkQvlzRCJIGvpsrm6g&oe=64E1F7FF,Wandering Bear Coffee,WANDERINGBEARCOFFEE.COM,Dirty Vanilla Chai Cold Brew on Tap,"Over 9,000 5 Star Reviews"
1692267351-1021,https://www.facebook.com/ads/library/?active_status=all&ad_type=all&country=US&q=%22wanderingbearcoffee.com%22&sort_data[direction]=desc&sort_data[mode]=relevancy_monthly_grouped&search_type=keyword_exact_phrase&media_type=all,~110 results,1.02E+15,23-May-23,Active,,"For limited time - Dirty Vanilla Chai 🧊☕

Wanderingbearcoffee.com ---> 
💯 Satisfaction guaranteed or your money back - We’re a small team that stands behind our product.
🚫 No more coffee stomach aches - no added sugar or dairy
⚡️🏃🏻💨 Each glass = 2 espresso shots. Zoom zoom!
😋 We have all your favorite flavors
♵  Recyclable & 🌱Organic
⭐3500+ 5-Star Reviews
🧊 Stays Fresh",Learn More,https://video.fblr2-2.fna.fbcdn.net/v/t42.1790-2/343165629_1179720669381620_5659399366401207618_n.?_nc_cat=110&ccb=1-7&_nc_sid=cf96c8&_nc_ohc=z8mFl6ZaGaEAX_84siD&_nc_ht=video.fblr2-2.fna&oh=00_AfAjBjjr4Q1qFdOo3aV3lp1qb7Ruw84dCTm70bvtZzw5pQ&oe=64E237B4,,Wandering Bear Coffee,WANDERINGBEARCOFFEE.COM,Dirty Vanilla Chai Cold Brew on Tap,"Over 9,000 5 Star Reviews"
1692267351-1022,https://www.facebook.com/ads/library/?active_status=all&ad_type=all&country=US&q=%22wanderingbearcoffee.com%22&sort_data[direction]=desc&sort_data[mode]=relevancy_monthly_grouped&search_type=keyword_exact_phrase&media_type=all,~110 results,8.21E+14,15-May-23,Active,,,Learn more,https://video.fblr2-1.fna.fbcdn.net/v/t42.1790-2/10000000_529161052753917_307847113568104339_n.?_nc_cat=103&ccb=1-7&_nc_sid=cf96c8&_nc_ohc=brm6JbD--ooAX8OAKsI&_nc_ht=video.fblr2-1.fna&oh=00_AfAvkCbaUX-Amxqtp5XFpniJgU7QuzA8JgE0_bWwzvgf2Q&oe=64E2881F,,Wandering Bear Coffee,WANDERINGBEARCOFFEE.COM,Cold Brew is Better Boxed,"Over 9,000 5 Star Reviews"
1692267351-1023,https://www.facebook.com/ads/library/?active_status=all&ad_type=all&country=US&q=%22wanderingbearcoffee.com%22&sort_data[direction]=desc&sort_data[mode]=relevancy_monthly_grouped&search_type=keyword_exact_phrase&media_type=all,~110 results,7.38E+14,15-May-23,Active,,"CANCEL your old boring coffee routine & try our 3-for-1 Cold Brew Variety Pack!  Three tasty flavors at the price of one larger box, delivered right to you. Enjoy the fresh smell and fresher taste of our cold brew in ready to drink 32 oz cartons, perfect for at home or on the go. 

Try today and add some excitement back into your morning routine.

Wanderingbearcoffee.com ---> 
💯 Satisfaction guaranteed or your money back - We’re a small team that stands behind our product.
🚫 No more coffee stomach aches - no added sugar or dairy
⚡️🏃🏻💨 Each glass = 2 espresso shots. Zoom zoom!
😋 We have all your favorite flavors
♵ Recyclable & 🌱Organic
⭐9500+ 5-Star Reviews
🧊 Stays Fresh",Shop Now,,https://scontent.fblr2-1.fna.fbcdn.net/v/t39.35426-6/346473530_164751199632544_1030074788116702979_n.jpg?stp=dst-jpg_s600x600&_nc_cat=106&ccb=1-7&_nc_sid=cf96c8&_nc_ohc=sSkRKsmnA7YAX_AYLpJ&_nc_ht=scontent.fblr2-1.fna&oh=00_AfD9Y7vYJab-9MxA7gJ5gZYYsNhgxg9YdorcJQigsd9JCw&oe=64E1F374,Wandering Bear Coffee,WANDERINGBEARCOFFEE.COM,🚨COFFEE ALERT🚨 32oz Variety Packs now available,"Organic, extra strong cold brew."
1692267351-1024,https://www.facebook.com/ads/library/?active_status=all&ad_type=all&country=US&q=%22wanderingbearcoffee.com%22&sort_data[direction]=desc&sort_data[mode]=relevancy_monthly_grouped&search_type=keyword_exact_phrase&media_type=all,~110 results,8.02E+14,17-May-23,Active,,"Reinvent your mornings with Cold Brew on Tap 🧊☕

Wanderingbearcoffee.com ---> 
💯 Satisfaction guaranteed or your money back - We’re a small team that stands behind our product.
🚫 No more coffee stomach aches - no added sugar or dairy
⚡️🏃🏻💨 Each glass = 2 espresso shots. Zoom zoom!
😋 We have all your favorite flavors
♵  Recyclable & 🌱Organic
⭐3500+ 5-Star Reviews
🧊 Stays Fresh",Learn More,https://video.fblr2-2.fna.fbcdn.net/v/t42.1790-2/342569974_957594918573859_5245569944466850220_n.?_nc_cat=107&ccb=1-7&_nc_sid=cf96c8&_nc_ohc=4DYP86ktvLwAX-2tlvH&_nc_ht=video.fblr2-2.fna&oh=00_AfAxbs2F4Ax8G-X-MTUhfqgLzFtxA6ZGN-AP1I2Zm9VKNQ&oe=64E25DD4,,Wandering Bear Coffee,WANDERINGBEARCOFFEE.COM,Reinvent your mornings with Cold Brew on Tap,"Over 9,000 5 Star Reviews"
1692267351-1025,https://www.facebook.com/ads/library/?active_status=all&ad_type=all&country=US&q=%22wanderingbearcoffee.com%22&sort_data[direction]=desc&sort_data[mode]=relevancy_monthly_grouped&search_type=keyword_exact_phrase&media_type=all,~110 results,1.27E+15,16-May-23,Active,,"Reinvent your mornings with Cold Brew on Tap 🧊☕

Wanderingbearcoffee.com ---> 
💯 Satisfaction guaranteed or your money back - We’re a small team that stands behind our product.
🚫 No more coffee stomach aches - no added sugar or dairy
⚡️🏃🏻💨 Each glass = 2 espresso shots. Zoom zoom!
😋 We have all your favorite flavors
♵  Recyclable & 🌱Organic
⭐3500+ 5-Star Reviews
🧊 Stays Fresh",Learn More,https://video.fblr2-1.fna.fbcdn.net/v/t42.1790-2/342563059_2402415119918405_3711239019949449083_n.?_nc_cat=104&ccb=1-7&_nc_sid=cf96c8&_nc_ohc=8Dkz1V3D0EwAX-Pv-d8&_nc_ht=video.fblr2-1.fna&oh=00_AfAXRij1E10IdP_QaRFsJL_W3c-3WmDg7rodlqUAf2W4zw&oe=64E39378,,Wandering Bear Coffee,WANDERINGBEARCOFFEE.COM,Reinvent your mornings with Cold Brew on Tap,"Over 9,000 5 Star Reviews"
1692267351-1026,https://www.facebook.com/ads/library/?active_status=all&ad_type=all&country=US&q=%22wanderingbearcoffee.com%22&sort_data[direction]=desc&sort_data[mode]=relevancy_monthly_grouped&search_type=keyword_exact_phrase&media_type=all,~110 results,1.41E+15,13-Apr-23,Active,,,Learn more,https://video.fblr2-2.fna.fbcdn.net/v/t42.1790-2/306909514_1253453948746823_8704663050024411563_n.mp4?_nc_cat=100&ccb=1-7&_nc_sid=cf96c8&_nc_ohc=qapUoKGMO0EAX8bKqoq&_nc_ht=video.fblr2-2.fna&oh=00_AfC52S8moDqCXMsOUcfkA6nCHZfJcsK0Zizd_5VuAQNMwA&oe=64E3C19F,,Wandering Bear Coffee,WANDERINGBEARCOFFEE.COM,Dirty Vanilla Chai Cold Brew on Tap,"Over 9,000 5 Star Reviews"
1692267351-1027,https://www.facebook.com/ads/library/?active_status=all&ad_type=all&country=US&q=%22wanderingbearcoffee.com%22&sort_data[direction]=desc&sort_data[mode]=relevancy_monthly_grouped&search_type=keyword_exact_phrase&media_type=all,~110 results,1.56E+15,15-Sep-22,Active,,"You asked, we delivered! Back for limited time - Dirty Vanilla Chai 🧊☕

Wanderingbearcoffee.com ---> 
💯 Satisfaction guaranteed or your money back - We’re a small team that stands behind our product.
🚫 No more coffee stomach aches - no added sugar or dairy
⚡️🏃🏻💨 Each glass = 2 espresso shots. Zoom zoom!
😋 We have all your favorite flavors
♵  Recyclable & 🌱Organic
⭐3500+ 5-Star Reviews
🧊 Stays Fresh",Learn More,,https://scontent.fblr2-2.fna.fbcdn.net/v/t39.35426-6/306904041_321263016865001_1864348873044188331_n.jpg?stp=dst-jpg_s600x600&_nc_cat=100&ccb=1-7&_nc_sid=cf96c8&_nc_ohc=SxUySBmvqv4AX9mdJXP&_nc_ht=scontent.fblr2-2.fna&oh=00_AfC3GVRXtHOruuUdSeS25qSrMauu_Cb4VC1USTAmXXmbsg&oe=64E38F10,Wandering Bear Coffee,WANDERINGBEARCOFFEE.COM,Dirty Vanilla Chai Cold Brew on Tap,"Over 9,000 5 Star Reviews"
1692267351-1028,https://www.facebook.com/ads/library/?active_status=all&ad_type=all&country=US&q=%22wanderingbearcoffee.com%22&sort_data[direction]=desc&sort_data[mode]=relevancy_monthly_grouped&search_type=keyword_exact_phrase&media_type=all,~110 results,6.23E+15,15-Sep-22,Active,2,"You asked, we delivered! Back for limited time - Dirty Vanilla Chai 🧊☕

Wanderingbearcoffee.com ---> 
💯 Satisfaction guaranteed or your money back - We’re a small team that stands behind our product.
🚫 No more coffee stomach aches - no added sugar or dairy
⚡️🏃🏻💨 Each glass = 2 espresso shots. Zoom zoom!
😋 We have all your favorite flavors
♵  Recyclable & 🌱Organic
⭐3500+ 5-Star Reviews
🧊 Stays Fresh",Learn More,,https://scontent.fblr2-2.fna.fbcdn.net/v/t39.35426-6/306841869_3325998140994303_5077911853948008743_n.jpg?stp=dst-jpg_s600x600&_nc_cat=110&ccb=1-7&_nc_sid=cf96c8&_nc_ohc=qVHwrFJlqJkAX-Hrq0A&_nc_ht=scontent.fblr2-2.fna&oh=00_AfBWYBytS5LcnuHCBx-sRKidhICcvVVITIVm6vMjG0QXgg&oe=64E289B5,Wandering Bear Coffee,WANDERINGBEARCOFFEE.COM,Dirty Vanilla Chai Cold Brew on Tap,"Over 9,000 5 Star Reviews"